channel,leaflets,online_video,ooh,programmatic_display,search_brand,search_nonbrand,social_prospecting,social_retargeting,tv_linear
leaflets,1,0.2953403764369291,0.24454168703492657,0.05444320271045925,0.3253473870144964,0.5808017069180353,5.360676037282028e-4,0.20228250567657047,0.2346909644854468
online_video,0.2953403764369291,1,0.71776268287853,0.004436657640212714,0.7447706785273703,0.39691104936388444,0.22850366045544093,0.1632880654386715,0.7315054239177897
ooh,0.24454168703492657,0.71776268287853,1,0.036875568113909116,0.6166118777056645,0.34291520147700427,0.3996272008016244,0.09104829041041368,0.9051856862411667
programmatic_display,0.05444320271045925,0.004436657640212714,0.036875568113909116,1,-0.03264453510277141,-0.03213339602086074,0.04168544438133857,0.044107561869468716,-0.03676419190902983
search_brand,0.3253473870144964,0.7447706785273703,0.6166118777056645,-0.03264453510277141,1,0.3961490639927406,0.1802201366667519,0.16138057050986412,0.5899489940705533
search_nonbrand,0.5808017069180353,0.39691104936388444,0.34291520147700427,-0.03213339602086074,0.3961490639927406,1,0.1258766585367652,0.21248259489781082,0.33031564995991075
social_prospecting,5.360676037282028e-4,0.22850366045544093,0.3996272008016244,0.04168544438133857,0.1802201366667519,0.1258766585367652,1,0.1347806023745452,0.3608763981854218
social_retargeting,0.20228250567657047,0.1632880654386715,0.09104829041041368,0.044107561869468716,0.16138057050986412,0.21248259489781082,0.1347806023745452,1,0.10310495604294323
tv_linear,0.2346909644854468,0.7315054239177897,0.9051856862411667,-0.03676419190902983,0.5899489940705533,0.33031564995991075,0.3608763981854218,0.10310495604294323,1
