channel,naive_ols_estimate,naive_ols_p,vif,hac_p.value
leaflets,2.371705093285764,0.5909326942926916,2.5740917463153483,0.47277048781406983
online_video,4.38866087479131,0.6443125631016866,3.4610320343329564,0.6287080043350983
ooh,-4.686218331443812,0.363753825706835,5.75252913687515,0.3438542575146252
programmatic_display,19.04517035102506,0.3735110472530665,1.0861324600688427,0.26840325842129387
search_brand,24.61588956308842,0.3131601956573839,2.3398131440347,0.25646886461475676
search_nonbrand,9.549345727874494,0.17417117939278523,8.109905750568178,0.18957667184878774
social_prospecting,0.5765356114471671,0.9210195208846054,1.4870607722972493,0.9106579658164404
social_retargeting,93.75464064948521,0.006032940746033428,3.425947516873647,0.005963522565259881
tv_linear,1.936186616197841,0.26578380522277656,6.047439395473147,0.2655821635548861
