channel,estimate,hac_std.error,hac_p.value
leaflets,12.171723837542965,2.9004595868339482,4.223293515657304e-5
online_video,11.579728391697454,6.4184879731262034,0.07285679603936941
ooh,1.0978670241646054,3.9447795500516767,0.7810894997138857
programmatic_display,-2.4794006236466584,13.760345969025545,0.8572071244157256
search_brand,29.0036009913576,17.319718705971397,0.0957208279647175
search_nonbrand,5.663354704041676,3.1955939223762666,0.07801888124516264
social_prospecting,-1.7242256231786388,3.633714549346584,0.6357036233022564
social_retargeting,20.14648663466461,18.779151246040776,0.2847684279437579
tv_linear,1.0631318570390293,1.3725410032761125,0.439592210620934
