term,estimate,std.error,statistic,p.value,channel,wrong_signed,significant_at_5pct
spend_leaflets,12.171723837542965,2.7338141527837574,4.452286496925506,1.4746449854886837e-5,leaflets,FALSE,TRUE
spend_online_video,11.579728391697454,6.813282076919253,1.6995815322141241,0.09090876313812614,online_video,FALSE,FALSE
spend_ooh,1.0978670241646054,3.7520541225522046,0.2926042611074649,0.7701561506616448,ooh,FALSE,FALSE
spend_programmatic_display,-2.4794006236466584,15.524427332206752,-0.1597096350538438,0.8732859498080764,programmatic_display,TRUE,FALSE
spend_search_brand,29.0036009913576,17.333702357190703,1.6732490493772534,0.09598680676840043,search_brand,FALSE,FALSE
spend_search_nonbrand,5.663354704041676,3.4787798889914425,1.6279715546141031,0.10525134199312794,search_nonbrand,FALSE,FALSE
spend_social_prospecting,-1.7242256231786388,4.188822937935424,-0.41162532977067556,0.6810957576903154,social_prospecting,TRUE,FALSE
spend_social_retargeting,20.14648663466461,17.503958754746556,1.1509674421051452,0.2512472747857777,social_retargeting,FALSE,FALSE
spend_tv_linear,1.0631318570390293,1.2941523194994846,0.8214889708270177,0.4124367434508506,tv_linear,FALSE,FALSE
