channel,spend_dkk,predicted_contribution_dkk
tv_linear,0,0
tv_linear,38592.705808080806,33118.260767031796
tv_linear,77185.41161616161,87800.29498156834
tv_linear,115778.11742424242,150781.12437134326
tv_linear,154370.82323232322,216350.4610882335
tv_linear,192963.529040404,281255.19537348684
tv_linear,231556.23484848483,343626.92924286315
tv_linear,270148.94065656565,402458.73581524764
tv_linear,308741.64646464644,457287.6228104298
tv_linear,347334.35227272724,507989.10032328375
tv_linear,385927.058080808,554642.6500741356
tv_linear,424519.7638888889,597444.1681001553
tv_linear,463112.46969696967,636649.7781411909
tv_linear,501705.17550505046,672540.4889740826
tv_linear,540297.8813131313,705400.5708150753
tv_linear,578890.587121212,735504.8593716766
tv_linear,617483.2929292929,763111.7931283975
tv_linear,656075.9987373737,788460.0726380324
tv_linear,694668.7045454545,811767.5583561229
tv_linear,733261.4103535353,833231.508503522
tv_linear,771854.116161616,853029.5793429218
tv_linear,810446.8219696969,871321.221304932
tv_linear,849039.5277777778,888249.2423822151
tv_linear,887632.2335858585,903941.3998427409
tv_linear,926224.9393939393,918511.939083917
tv_linear,964817.6452020202,932063.035302529
tv_linear,1003410.3510101009,944686.1168298534
tv_linear,1042003.0568181818,956463.0632524441
tv_linear,1080595.7626262626,967467.2799505664
tv_linear,1119188.4684343433,977764.6555029781
tv_linear,1157781.174242424,987414.4108816716
tv_linear,1196373.880050505,996469.8503765519
tv_linear,1234966.5858585858,1004979.0243217456
tv_linear,1273559.2916666665,1012985.3133125106
tv_linear,1312151.9974747475,1020527.9429409339
tv_linear,1350744.7032828282,1027642.4372885424
tv_linear,1389337.409090909,1034361.0185860121
tv_linear,1427930.11489899,1040712.9596387974
tv_linear,1466522.8207070706,1046724.8948531466
tv_linear,1505115.5265151514,1052421.0949950106
tv_linear,1543708.232323232,1057823.710180661
tv_linear,1582300.938131313,1062952.9850326534
tv_linear,1620893.6439393938,1067827.4494349728
tv_linear,1659486.3497474745,1072464.0878819583
tv_linear,1698079.0555555555,1076878.4900312922
tv_linear,1736671.7613636362,1081084.9847361601
tv_linear,1775264.467171717,1085096.7595399802
tv_linear,1813857.172979798,1088925.9673636248
tv_linear,1852449.8787878787,1092583.8218949812
tv_linear,1891042.5845959594,1096080.682999702
tv_linear,1929635.2904040404,1099426.133306259
tv_linear,1968227.996212121,1102629.0469745689
tv_linear,2006820.7020202018,1105697.6515325268
tv_linear,2045413.4078282828,1108639.5835562742
tv_linear,2084006.1136363635,1111461.9388756307
tv_linear,2122598.8194444445,1114171.3179039892
tv_linear,2161191.525252525,1116773.8666204268
tv_linear,2199784.231060606,1119275.3136693607
tv_linear,2238376.9368686867,1121681.0039886173
tv_linear,2276969.6426767674,1123995.9293291399
tv_linear,2315562.348484848,1126224.7559878966
tv_linear,2354155.0542929294,1128371.8500390237
tv_linear,2392747.76010101,1130441.3003162045
tv_linear,2431340.465909091,1132436.9393711432
tv_linear,2469933.1717171716,1134362.3626082288
tv_linear,2508525.8775252523,1136220.945773704
tv_linear,2547118.583333333,1138015.860958409
tv_linear,2585711.2891414138,1139750.091256222
tv_linear,2624303.994949495,1141426.4442052932
tv_linear,2662896.7007575757,1143047.5641259046
tv_linear,2701489.4065656564,1144615.9434570132
tv_linear,2740082.112373737,1146133.933183088
tv_linear,2778674.818181818,1147603.752433581
tv_linear,2817267.5239898986,1149027.497329111
tv_linear,2855860.22979798,1150407.149141093
tv_linear,2894452.9356060605,1151744.5818249926
tv_linear,2933045.6414141413,1153041.5689815334
tv_linear,2971638.347222222,1154299.7902949573
tv_linear,3010231.0530303027,1155520.8374927551
tv_linear,3048823.7588383835,1156706.2198671065
tv_linear,3087416.464646464,1157857.3693944945
tv_linear,3126009.1704545454,1158975.6454866007
tv_linear,3164601.876262626,1160062.3394025478
tv_linear,3203194.582070707,1161118.6783498314
tv_linear,3241787.2878787876,1162145.829298829
tv_linear,3280379.9936868683,1163144.9025335545
tv_linear,3318972.699494949,1164116.9549593385
tv_linear,3357565.4053030303,1165062.9931863
tv_linear,3396158.111111111,1165983.976405847
tv_linear,3434750.8169191917,1166880.8190759728
tv_linear,3473343.5227272725,1167754.3934297676
tv_linear,3511936.228535353,1168605.5318203568
tv_linear,3550528.934343434,1169435.0289143792
tv_linear,3589121.640151515,1170243.643745112
tv_linear,3627714.345959596,1171032.1016354456
tv_linear,3666307.0517676766,1171801.0960000819
tv_linear,3704899.7575757573,1172551.290035576
tv_linear,3743492.463383838,1173283.3183061562
tv_linear,3782085.169191919,1173997.7882326269
tv_linear,3820677.875,1174695.281491091
online_video,0,0
online_video,6907.365253404039,50607.15187213819
online_video,13814.730506808079,86388.4653606442
online_video,20722.09576021212,117095.6997964538
online_video,27629.461013616157,144527.52356719674
online_video,34536.826267020195,169530.18941300578
online_video,41444.19152042424,192604.0414258406
online_video,48351.55677382828,214082.38833927148
online_video,55258.922027232315,234204.35276466544
online_video,62166.28728063635,253150.3909455304
online_video,69073.65253404039,271061.7788261146
online_video,75981.01778744443,288052.23933044734
online_video,82888.38304084848,304215.33289825165
online_video,89795.74829425251,319629.3925961843
online_video,96703.11354765655,334360.95270908775
online_video,103610.47880106058,348467.209360881
online_video,110517.84405446463,361997.83501020767
online_video,117425.20930786867,374996.3475949536
online_video,124332.5745612727,387501.16420020215
online_video,131239.93981467673,399546.42591389565
online_video,138147.30506808078,411162.6532795757
online_video,145054.67032148482,422377.2740433914
online_video,151962.03557488887,433215.05307614215
online_video,158869.4008282929,443698.44628286525
online_video,165776.76608169696,453847.8946883203
online_video,172684.13133510097,463682.0708928155
online_video,179591.49658850502,473218.08720873756
online_video,186498.86184190906,482471.6726736143
online_video,193406.2270953131,491457.32456365466
online_video,200313.59234871715,500188.43884833145
online_video,207220.95760212117,508677.4231252857
online_video,214128.3228555252,516935.7948810139
online_video,221035.68810892926,524974.2673833885
online_video,227943.0533623333,532802.8250888449
online_video,234850.41861573735,540430.7901121808
online_video,241757.78386914136,547866.8810398033
online_video,248665.1491225454,555119.2651526505
online_video,255572.51437594945,562195.6049513603
online_video,262479.87962935347,569103.0997348606
online_video,269387.24488275754,575848.5228676986
online_video,276294.61013616156,582438.255275952
online_video,283201.97538956563,588878.3156324794
online_video,290109.34064296965,595174.387626393
online_video,297016.70589637366,601331.8446565334
online_video,303924.07114977774,607355.7722423924
online_video,310831.43640318175,613250.9884068213
online_video,317738.8016565858,619022.0622517118
online_video,324646.16690998984,624673.330919616
online_video,331553.5321633939,630208.9151101708
online_video,338460.89741679793,635632.733299534
online_video,345368.26267020195,640948.5147932667
online_video,352275.627923606,646159.8117277588
online_video,359182.99317701004,651270.0101220215
online_video,366090.3584304141,656282.340070149
online_video,372997.7236838181,661199.885154712
online_video,379905.08893722214,666025.5911525959
online_video,386812.4541906262,670762.2740971172
online_video,393719.81944403023,675412.6277535404
online_video,400627.1846974343,679979.2305591856
online_video,407534.5499508383,684464.5520741126
online_video,414441.91520424234,688870.9589837528
online_video,421349.2804576464,693200.7206907771
online_video,428256.6457110504,697456.0145298742
online_video,435164.0109644545,701638.9306358891
online_video,442071.3762178585,705751.4764929023
online_video,448978.74147126253,709795.5811892776
online_video,455886.1067246666,713773.0994014146
online_video,462793.4719780706,717685.8151268883
online_video,469700.8372314747,721535.4451858327
online_video,476608.2024848787,725323.6425077582
online_video,483515.5677382827,729051.9992195207
online_video,490422.9329916868,732722.0495488067
online_video,497330.2982450908,736335.2725563033
online_video,504237.6634984949,739893.0947086163
online_video,511145.0287518989,743396.8923030203
online_video,518052.3940053029,746847.9937542196
online_video,524959.7592587069,750247.6817524884
online_video,531867.1245121111,753597.1953018218
online_video,538774.4897655151,756897.7316460492
online_video,545681.8550189191,760150.448090253
online_video,552589.2202723231,763356.4637242767
online_video,559496.5855257271,766516.8610545908
online_video,566403.9507791313,769632.6875503242
online_video,573311.3160325353,772704.9571088384
online_video,580218.6812859393,775734.6514458277
online_video,587126.0465393433,778722.7214145763
online_video,594033.4117927473,781670.0882586683
online_video,600940.7770461515,784577.6448021434
online_video,607848.1422995555,787446.2565808188
online_video,614755.5075529595,790276.7629182333
online_video,621662.8728063635,793069.9779494415
online_video,628570.2380597675,795826.6915956604
online_video,635477.6033131717,798547.6704925749
online_video,642384.9685665757,801233.6588749217
online_video,649292.3338199797,803885.3794197997
online_video,656199.6990733837,806503.5340509928
online_video,663107.0643267878,809088.8047064499
online_video,670014.4295801918,811641.854070923
online_video,676921.7948335959,814163.3262756474
online_video,683829.1600869999,816653.8475668182
social_prospecting,0,0
social_prospecting,6536.536616161616,4696.981401139538
social_prospecting,13073.073232323231,15223.099177416201
social_prospecting,19609.609848484848,30092.163587703057
social_prospecting,26146.146464646463,48513.779017306966
social_prospecting,32682.683080808078,69882.85019143668
social_prospecting,39219.219696969696,93686.74002907405
social_prospecting,45755.75631313131,119474.0666129538
social_prospecting,52292.292929292926,146841.91131475102
social_prospecting,58828.829545454544,175429.79520956698
social_prospecting,65365.366161616155,204916.2984621542
social_prospecting,71901.90277777777,235016.65155812542
social_prospecting,78438.43939393939,265480.5907269296
social_prospecting,84974.976010101,296090.1930805999
social_prospecting,91511.51262626261,326657.60363937553
social_prospecting,98048.04924242424,357022.65771443915
social_prospecting,104584.58585858585,387050.4410208504
social_prospecting,111121.12247474746,416628.84193339
social_prospecting,117657.65909090909,445666.1487355773
social_prospecting,124194.1957070707,474088.7367737209
social_prospecting,130730.73232323231,501838.8801280856
social_prospecting,137267.26893939392,528872.7119530126
social_prospecting,143803.80555555553,555158.3481553346
social_prospecting,150340.34217171717,580674.181083282
social_prospecting,156876.87878787878,605407.3435243613
social_prospecting,163413.4154040404,629352.3384911661
social_prospecting,169949.952020202,652509.8268337628
social_prospecting,176486.48863636362,674885.5624380859
social_prospecting,183023.02525252523,696489.4634279505
social_prospecting,189559.56186868687,717334.80717534
social_prospecting,196096.09848484848,737437.536856636
social_prospecting,202632.6351010101,756815.6676176869
social_prospecting,209169.1717171717,775488.7810032463
social_prospecting,215705.7083333333,793477.5970680856
social_prospecting,222242.24494949493,810803.6144427076
social_prospecting,228778.78156565654,827488.8095201353
social_prospecting,235315.31818181818,843555.3868214971
social_prospecting,241851.8547979798,859025.5734593108
social_prospecting,248388.3914141414,873921.4514303248
social_prospecting,254924.928030303,888264.8222237314
social_prospecting,261461.46464646462,902077.0989200174
social_prospecting,267998.00126262626,915379.2215791441
social_prospecting,274534.53787878784,928191.5922752414
social_prospecting,281071.0744949495,940534.0266314645
social_prospecting,287607.61111111107,952425.7191471204
social_prospecting,294144.1477272727,963885.2199942337
social_prospecting,300680.68434343435,974930.4212972578
social_prospecting,307217.2209595959,985578.5512025467
social_prospecting,313753.75757575757,995846.1742981684
social_prospecting,320290.29419191915,1005749.1971641406
social_prospecting,326826.8308080808,1015302.8780223025
social_prospecting,333363.3674242424,1024521.8396175642
social_prospecting,339899.904040404,1033420.0846016059
social_prospecting,346436.44065656565,1042011.0128092341
social_prospecting,352972.97727272724,1050307.4399192836
social_prospecting,359509.5138888889,1058321.617078509
social_prospecting,366046.05050505046,1066065.2511404718
social_prospecting,372582.5871212121,1073549.5252337812
social_prospecting,379119.12373737374,1080785.119426812
social_prospecting,385655.6603535353,1087782.2313005596
social_prospecting,392192.19696969696,1094550.5962787867
social_prospecting,398728.73358585854,1101099.5075961316
social_prospecting,405265.2702020202,1107437.8358112236
social_prospecting,411801.80681818177,1113574.047793894
social_prospecting,418338.3434343434,1119516.2251339082
social_prospecting,424874.88005050505,1125272.0819338372
social_prospecting,431411.4166666666,1130848.9819612454
social_prospecting,437947.95328282827,1136253.955145655
social_prospecting,444484.48989898985,1141493.7134141554
social_prospecting,451021.0265151515,1146574.665866329
social_prospecting,457557.5631313131,1151502.9332946208
social_prospecting,464094.0997474747,1156284.3620606153
social_prospecting,470630.63636363635,1160924.5373410694
social_prospecting,477167.17297979794,1165428.795760154
social_prospecting,483703.7095959596,1169802.2374262987
social_prospecting,490240.24621212116,1174049.737393443
social_prospecting,496776.7828282828,1178175.9565674488
social_prospecting,503313.31944444444,1182185.3520790127
social_prospecting,509849.856060606,1186082.1871447086
social_prospecting,516386.39267676766,1189870.54043783
social_prospecting,522922.92929292924,1193554.3149905452
social_prospecting,529459.4659090908,1197137.246648574
social_prospecting,535996.0025252525,1200622.9120991584
social_prospecting,542532.5391414141,1204014.7364925726
social_prospecting,549069.0757575757,1207316.0006768266
social_prospecting,555605.6123737374,1210529.848064557
social_prospecting,562142.148989899,1213659.2911504263
social_prospecting,568678.6856060605,1216707.2176966323
social_prospecting,575215.2222222221,1219676.3966034204
social_prospecting,581751.7588383838,1222569.4834807585
social_prospecting,588288.2954545454,1225389.0259366224
social_prospecting,594824.832070707,1228137.4685966289
social_prospecting,601361.3686868687,1230817.1578690517
social_prospecting,607897.9053030303,1233430.3464685853
social_prospecting,614434.4419191919,1235979.1977115571
social_prospecting,620970.9785353534,1238465.7895946505
social_prospecting,627507.5151515151,1240892.1186685918
social_prospecting,634044.0517676767,1243260.1037176608
social_prospecting,640580.5883838383,1245571.5892553113
social_prospecting,647117.125,1247828.3488456642
social_retargeting,0,0
social_retargeting,2318.605027787879,1461.518478891397
social_retargeting,4637.210055575758,6849.197080654121
social_retargeting,6955.815083363637,16877.024445389477
social_retargeting,9274.420111151516,31937.491404897602
social_retargeting,11593.025138939394,52263.46150516073
social_retargeting,13911.630166727275,77972.0609199675
social_retargeting,16230.235194515153,109084.60231770684
social_retargeting,18548.84022230303,145538.67433029265
social_retargeting,20867.44525009091,187197.43599756202
social_retargeting,23186.05027787879,233858.05837070217
social_retargeting,25504.655305666667,285260.10038223176
social_retargeting,27823.26033345455,341094.08975039626
social_retargeting,30141.865361242428,401010.32189981337
social_retargeting,32460.470389030306,464627.75640949863
social_retargeting,34779.07541681818,531542.8262967864
social_retargeting,37097.68044460606,601337.9543174534
social_retargeting,39416.285472393945,673589.5776796874
social_retargeting,41734.89050018182,747875.5083552554
social_retargeting,44053.4955279697,823781.4931948874
social_retargeting,46372.10055575758,900906.8805039922
social_retargeting,48690.70558354546,978869.3430048837
social_retargeting,51009.310611333334,1057308.6477099296
social_retargeting,53327.91563912122,1135889.4987190014
social_retargeting,55646.5206669091,1214303.5078675959
social_retargeting,57965.12569469697,1292270.3698657465
social_retargeting,60283.730722484856,1369538.333140538
social_retargeting,62602.33575027273,1445884.0655889781
social_retargeting,64920.94077806061,1521112.0167552773
social_retargeting,67239.5458058485,1595053.375633215
social_retargeting,69558.15083363636,1667564.7174724638
social_retargeting,71876.75586142424,1738526.4247001635
social_retargeting,74195.36088921213,1807840.9573047135
social_retargeting,76513.96591700001,1875431.0375671086
social_retargeting,78832.57094478789,1941237.8035022274
social_retargeting,81151.17597257576,2005218.9752645907
social_retargeting,83469.78100036364,2067347.0694107665
social_retargeting,85788.38602815152,2127607.6874996074
social_retargeting,88106.9910559394,2185997.89815597
social_retargeting,90425.59608372727,2242524.725449142
social_retargeting,92744.20111151515,2297203.751212366
social_retargeting,95062.80613930304,2350057.8346840637
social_retargeting,97381.41116709092,2401115.9494904527
social_retargeting,99700.0161948788,2450412.135406833
social_retargeting,102018.62122266667,2497984.5604215544
social_retargeting,104337.22625045455,2543874.6872760244
social_retargeting,106655.83127824243,2588126.5377669516
social_retargeting,108974.43630603031,2630786.0475835656
social_retargeting,111293.0413338182,2671900.504233888
social_retargeting,113611.64636160606,2711518.0606223578
social_retargeting,115930.25138939395,2749687.3170187813
social_retargeting,118248.85641718183,2786456.964458311
social_retargeting,120567.46144496971,2821875.48299519
social_retargeting,122886.06647275758,2855990.888668536
social_retargeting,125204.67150054546,2888850.5235022246
social_retargeting,127523.27652833334,2920500.883334412
social_retargeting,129841.88155612123,2950987.478741482
social_retargeting,132160.4865839091,2980354.724776152
social_retargeting,134479.091611697,3008645.8556730626
social_retargeting,136797.69663948487,3035902.861082869
social_retargeting,139116.30166727272,3062166.4407748827
social_retargeting,141434.9066950606,3087475.9750974816
social_retargeting,143753.5117228485,3111869.508804621
social_retargeting,146072.11675063637,3135383.7461464237
social_retargeting,148390.72177842425,3158054.055383223
social_retargeting,150709.32680621214,3179914.481117088
social_retargeting,153027.93183400002,3200997.763044507
social_retargeting,155346.5368617879,3221335.359920484
social_retargeting,157665.14188957578,3240957.477689704
social_retargeting,159983.74691736363,3259893.1008864976
social_retargeting,162302.35194515152,3278170.0265340316
social_retargeting,164620.9569729394,3295814.899886053
social_retargeting,166939.56200072728,3312853.2514534416
social_retargeting,169258.16702851516,3329309.5348440986
social_retargeting,171576.77205630305,3345207.1650198866
social_retargeting,173895.37708409093,3360568.55663958
social_retargeting,176213.9821118788,3375415.1622133143
social_retargeting,178532.5871396667,3389767.509842856
social_retargeting,180851.19216745454,3403645.240364046
social_retargeting,183169.79719524243,3417067.1437439295
social_retargeting,185488.4022230303,3430051.1946159774
social_retargeting,187807.0072508182,3442614.5868632467
social_retargeting,190125.61227860607,3454773.767181766
social_retargeting,192444.21730639396,3466544.46757545
social_retargeting,194762.82233418184,3477941.7367499205
social_retargeting,197081.42736196972,3488979.970386061
social_retargeting,199400.0323897576,3499672.940285392
social_retargeting,201718.63741754545,3510033.8223886713
social_retargeting,204037.24244533334,3520075.223676788
social_retargeting,206355.84747312122,3529809.2079692883
social_retargeting,208674.4525009091,3539247.3206408904
social_retargeting,210993.05752869698,3548400.6122803553
social_retargeting,213311.66255648487,3557279.661319186
social_retargeting,215630.26758427275,3565894.595660004
social_retargeting,217948.87261206063,3574255.113336161
social_retargeting,220267.4776398485,3582370.5022353656
social_retargeting,222586.0826676364,3590249.658920817
social_retargeting,224904.68769542425,3597901.1065837317
social_retargeting,227223.29272321213,3605333.0121612037
social_retargeting,229541.897751,3612553.2026531314
search_brand,0,0
search_brand,2251.452272727273,11.062753218044087
search_brand,4502.904545454546,49.34197790905316
search_brand,6754.356818181819,118.29232281602603
search_brand,9005.809090909092,219.92002404749985
search_brand,11257.261363636364,355.65180935465474
search_brand,13508.713636363638,526.5695492742949
search_brand,15760.16590909091,733.5136137082707
search_brand,18011.618181818183,977.1381653965523
search_brand,20263.070454545457,1257.9443773479243
search_brand,22514.522727272728,1576.3020642657198
search_brand,24765.975000000002,1932.4646737644543
search_brand,27017.427272727276,2326.5802311442335
search_brand,29268.879545454547,2758.69970840014
search_brand,31520.33181818182,3228.783702470495
search_brand,33771.784090909096,3736.707980556042
search_brand,36023.236363636366,4282.268257126397
search_brand,38274.68863636364,4865.184447736064
search_brand,40526.140909090915,5485.104567925951
search_brand,42777.593181818185,6141.608394377306
search_brand,45029.045454545456,6834.2109704870545
search_brand,47280.497727272734,7562.366013951821
search_brand,49531.950000000004,8325.469266299016
search_brand,51783.402272727275,9122.861811393665
search_brand,54034.85454545455,9953.83338036008
search_brand,56286.30681818182,10817.62565315061
search_brand,58537.759090909094,11713.435561533566
search_brand,60789.211363636365,12640.418594121784
search_brand,63040.66363636364,13597.692100913637
search_brand,65292.11590909091,14584.338592448272
search_brand,67543.56818181819,15599.409026924835
search_brand,69795.02045454546,16641.926077380474
search_brand,72046.47272727273,17710.887370171913
search_brand,74297.925,18805.26868548836
search_brand,76549.37727272727,19924.027110382754
search_brand,78800.82954545454,21066.104134796544
search_brand,81052.28181818183,22230.428681232395
search_brand,83303.7340909091,23415.920059065964
search_brand,85555.18636363637,24621.490834954544
search_brand,87806.63863636364,25846.049611371243
search_brand,90058.09090909091,27088.503705947933
search_brand,92309.54318181818,28347.761725027987
search_brand,94560.99545454547,29622.73602559379
search_brand,96812.44772727274,30912.34506052888
search_brand,99063.90000000001,32215.515602986532
search_brand,101315.35227272728,33531.18484645223
search_brand,103566.80454545455,34858.30237789826
search_brand,105818.25681818182,36195.83202222168
search_brand,108069.7090909091,37542.7535569275
search_brand,110321.16136363638,38898.06429675697
search_brand,112572.61363636365,40260.78054866258
search_brand,114824.06590909092,41629.93893819033
search_brand,117075.51818181819,43004.59760894402
search_brand,119326.97045454546,44383.837297370694
search_brand,121578.42272727273,45766.76228562111
search_brand,123829.87500000001,47152.50123570125
search_brand,126081.32727272729,48540.2079085415
search_brand,128332.77954545456,49929.06177196815
search_brand,130584.23181818183,51318.26850186916
search_brand,132835.6840909091,52707.06038110286
search_brand,135087.13636363638,54094.69660090766
search_brand,137338.58863636365,55480.46346973347
search_brand,139590.04090909092,56863.674534534846
search_brand,141841.4931818182,58243.67061964397
search_brand,144092.94545454546,59619.81978838148
search_brand,146344.39772727274,60991.51723256826
search_brand,148595.85,62358.18509507298
search_brand,150847.30227272728,63719.272230473674
search_brand,153098.75454545455,65074.2539088288
search_brand,155350.20681818182,66422.63146744603
search_brand,157601.6590909091,67763.9319154112
search_brand,159853.1113636364,69097.70749549473
search_brand,162104.56363636366,70423.53520789421
search_brand,164356.01590909093,71741.01630010006
search_brand,166607.4681818182,73049.77572698958
search_brand,168858.92045454547,74349.46158506587
search_brand,171110.37272727274,75639.74452456301
search_brand,173361.825,76920.31714294029
search_brand,175613.27727272728,78190.89336308811
search_brand,177864.72954545455,79451.20779936684
search_brand,180116.18181818182,80701.0151143999
search_brand,182367.6340909091,81940.08936934502
search_brand,184619.08636363636,83168.22337017253
search_brand,186870.53863636364,84385.22801229017
search_brand,189121.99090909094,85590.93162566778
search_brand,191373.4431818182,86785.17932243702
search_brand,193624.89545454548,87967.83234876762
search_brand,195876.34772727275,89138.76744265555
search_brand,198127.80000000002,90297.87619909942
search_brand,200379.2522727273,91445.0644439903
search_brand,202630.70454545456,92580.25161789487
search_brand,204882.15681818183,93703.37017077702
search_brand,207133.6090909091,94814.36496857257
search_brand,209385.06136363637,95913.19271241226
search_brand,211636.51363636364,96999.8213711734
search_brand,213887.9659090909,98074.22962793573
search_brand,216139.4181818182,99136.40634081743
search_brand,218390.87045454548,100186.35001857634
search_brand,220642.32272727275,101224.06831127607
search_brand,222893.775,102249.5775162396
search_nonbrand,0,0
search_nonbrand,10852.390656565656,45575.70486920262
search_nonbrand,21704.781313131312,166942.52830500217
search_nonbrand,32557.171969696967,349902.82027158345
search_nonbrand,43409.562626262625,580576.1620712745
search_nonbrand,54261.95328282828,845115.8719214093
search_nonbrand,65114.34393939393,1130647.2040846657
search_nonbrand,75966.7345959596,1426020.3399268175
search_nonbrand,86819.12525252525,1722195.8609518593
search_nonbrand,97671.5159090909,2012297.7403732326
search_nonbrand,108523.90656565657,2291436.3934657928
search_nonbrand,119376.29722222222,2556408.5556802955
search_nonbrand,130228.68787878787,2805357.528656149
search_nonbrand,141081.07853535353,3037447.618528434
search_nonbrand,151933.4691919192,3252580.9580115774
search_nonbrand,162785.85984848483,3451166.8272791263
search_nonbrand,173638.2505050505,3633942.7211043374
search_nonbrand,184490.64116161616,3801840.960745817
search_nonbrand,195343.0318181818,3955892.6965316776
search_nonbrand,206195.42247474747,4097161.1657103426
search_nonbrand,217047.81313131313,4226697.029020572
search_nonbrand,227900.20378787877,4345509.890583769
search_nonbrand,238752.59444444443,4454551.380039622
search_nonbrand,249604.9851010101,4554706.294262694
search_nonbrand,260457.37575757573,4646789.211099457
search_nonbrand,271309.7664141414,4731544.7034136
search_nonbrand,282162.15707070706,4809649.824473885
search_nonbrand,293014.54772727273,4881717.937806889
search_nonbrand,303866.9383838384,4948303.2571628615
search_nonbrand,314719.329040404,5009905.671863977
search_nonbrand,325571.71969696967,5066975.580995652
search_nonbrand,336424.11035353533,5119918.563298044
search_nonbrand,347276.501010101,5169099.780763133
search_nonbrand,358128.89166666666,5214848.062126886
search_nonbrand,368981.2823232323,5257459.644438816
search_nonbrand,379833.672979798,5297201.571578698
search_nonbrand,390686.0636363636,5334314.761465304
search_nonbrand,401538.45429292927,5369016.761242087
search_nonbrand,412390.84494949493,5401504.21367435
search_nonbrand,423243.2356060606,5431955.059570762
search_nonbrand,434095.62626262626,5460530.501095008
search_nonbrand,444948.0169191919,5487376.74994186
search_nonbrand,455800.40757575753,5512626.582911579
search_nonbrand,466652.7982323232,5536400.725691896
search_nonbrand,477505.18888888886,5558809.083822303
search_nonbrand,488357.57954545453,5579951.837982645
search_nonbrand,499209.9702020202,5599920.41898567
search_nonbrand,510062.36085858586,5618798.376201009
search_nonbrand,520914.75151515147,5636662.151616019
search_nonbrand,531767.1421717171,5653581.770354605
search_nonbrand,542619.5328282828,5669621.457227675
search_nonbrand,553471.9234848485,5684840.187772643
search_nonbrand,564324.3141414141,5699292.181245786
search_nonbrand,575176.7047979798,5713027.342150344
search_nonbrand,586029.0954545455,5726091.656104543
search_nonbrand,596881.4861111111,5738527.545166942
search_nonbrand,607733.8767676768,5750374.187131702
search_nonbrand,618586.2674242425,5761667.802774426
search_nonbrand,629438.658080808,5772441.914561681
search_nonbrand,640291.0487373737,5782727.579926506
search_nonbrand,651143.4393939393,5792553.601851363
search_nonbrand,661995.830050505,5801946.719183028
search_nonbrand,672848.2207070707,5810931.778825312
search_nonbrand,683700.6113636363,5819531.891710719
search_nonbrand,694553.002020202,5827768.5742367245
search_nonbrand,705405.3926767677,5835661.876662954
search_nonbrand,716257.7833333333,5843230.499798565
search_nonbrand,727110.173989899,5850491.901162176
search_nonbrand,737962.5646464647,5857462.391666849
search_nonbrand,748814.9553030303,5864157.223768263
search_nonbrand,759667.345959596,5870590.671912945
search_nonbrand,770519.7366161615,5876776.106034004
search_nonbrand,781372.1272727272,5882726.058762594
search_nonbrand,792224.5179292929,5888452.28695317
search_nonbrand,803076.9085858585,5893965.82805832
search_nonbrand,813929.2992424242,5899277.051833752
search_nonbrand,824781.6898989899,5904395.707804822
search_nonbrand,835634.0805555555,5909330.9688823745
search_nonbrand,846486.4712121212,5914091.471476674
search_nonbrand,857338.8618686869,5918685.352423603
search_nonbrand,868191.2525252525,5923120.283006262
search_nonbrand,879043.6431818182,5927403.500327528
search_nonbrand,889896.0338383839,5931541.836264364
search_nonbrand,900748.4244949495,5935541.744212551
search_nonbrand,911600.8151515151,5939409.3238107115
search_nonbrand,922453.2058080807,5943150.343814667
search_nonbrand,933305.5964646464,5946770.263277279
search_nonbrand,944157.9871212121,5950274.251174508
search_nonbrand,955010.3777777777,5953667.204605577
search_nonbrand,965862.7684343434,5956953.765683507
search_nonbrand,976715.1590909091,5960138.337221803
search_nonbrand,987567.5497474747,5963225.097313654
search_nonbrand,998419.9404040404,5966218.012891491
search_nonbrand,1009272.331060606,5969120.852347029
search_nonbrand,1020124.7217171717,5971937.197284974
search_nonbrand,1030977.1123737374,5974670.453477263
search_nonbrand,1041829.5030303029,5977323.861079015
search_nonbrand,1052681.8936868687,5979900.504162148
search_nonbrand,1063534.2843434343,5982403.3196179755
search_nonbrand,1074386.675,5984835.105475783
programmatic_display,0,0
programmatic_display,3157.294832464647,0
programmatic_display,6314.589664929294,0
programmatic_display,9471.884497393941,0
programmatic_display,12629.179329858587,0
programmatic_display,15786.474162323233,0
programmatic_display,18943.768994787883,0
programmatic_display,22101.06382725253,0
programmatic_display,25258.358659717174,0
programmatic_display,28415.65349218182,0
programmatic_display,31572.948324646466,0
programmatic_display,34730.243157111116,0
programmatic_display,37887.537989575765,0
programmatic_display,41044.83282204041,0
programmatic_display,44202.12765450506,0
programmatic_display,47359.4224869697,0
programmatic_display,50516.71731943435,0
programmatic_display,53674.012151899,0
programmatic_display,56831.30698436364,0
programmatic_display,59988.60181682829,0
programmatic_display,63145.89664929293,0
programmatic_display,66303.19148175759,0
programmatic_display,69460.48631422223,0
programmatic_display,72617.78114668687,0
programmatic_display,75775.07597915153,0
programmatic_display,78932.37081161617,0
programmatic_display,82089.66564408081,0
programmatic_display,85246.96047654546,0
programmatic_display,88404.25530901011,0
programmatic_display,91561.55014147476,0
programmatic_display,94718.8449739394,0
programmatic_display,97876.13980640405,0
programmatic_display,101033.4346388687,0
programmatic_display,104190.72947133334,0
programmatic_display,107348.024303798,0
programmatic_display,110505.31913626264,0
programmatic_display,113662.61396872728,0
programmatic_display,116819.90880119194,0
programmatic_display,119977.20363365658,0
programmatic_display,123134.49846612122,0
programmatic_display,126291.79329858586,0
programmatic_display,129449.08813105052,0
programmatic_display,132606.38296351518,0
programmatic_display,135763.6777959798,0
programmatic_display,138920.97262844446,0
programmatic_display,142078.26746090912,0
programmatic_display,145235.56229337375,0
programmatic_display,148392.8571258384,0
programmatic_display,151550.15195830306,0
programmatic_display,154707.4467907677,0
programmatic_display,157864.74162323234,0
programmatic_display,161022.03645569697,0
programmatic_display,164179.33128816163,0
programmatic_display,167336.6261206263,0
programmatic_display,170493.9209530909,0
programmatic_display,173651.21578555557,0
programmatic_display,176808.51061802023,0
programmatic_display,179965.80545048486,0
programmatic_display,183123.1002829495,0
programmatic_display,186280.39511541417,0
programmatic_display,189437.6899478788,0
programmatic_display,192594.98478034345,0
programmatic_display,195752.2796128081,0
programmatic_display,198909.57444527274,0
programmatic_display,202066.8692777374,0
programmatic_display,205224.16411020205,0
programmatic_display,208381.45894266668,0
programmatic_display,211538.75377513134,0
programmatic_display,214696.048607596,0
programmatic_display,217853.34344006062,0
programmatic_display,221010.63827252528,0
programmatic_display,224167.93310498993,0
programmatic_display,227325.22793745456,0
programmatic_display,230482.52276991922,0
programmatic_display,233639.81760238388,0
programmatic_display,236797.1124348485,0
programmatic_display,239954.40726731316,0
programmatic_display,243111.70209977782,0
programmatic_display,246268.99693224244,0
programmatic_display,249426.2917647071,0
programmatic_display,252583.58659717173,0
programmatic_display,255740.88142963639,0
programmatic_display,258898.17626210104,0
programmatic_display,262055.47109456567,0
programmatic_display,265212.76592703036,0
programmatic_display,268370.06075949495,0
programmatic_display,271527.3555919596,0
programmatic_display,274684.65042442427,0
programmatic_display,277841.9452568889,0
programmatic_display,280999.2400893536,0
programmatic_display,284156.53492181824,0
programmatic_display,287313.82975428284,0
programmatic_display,290471.1245867475,0
programmatic_display,293628.41941921215,0
programmatic_display,296785.7142516768,0
programmatic_display,299943.00908414146,0
programmatic_display,303100.3039166061,0
programmatic_display,306257.5987490707,0
programmatic_display,309414.8935815354,0
programmatic_display,312572.18841400003,0
ooh,0,0
ooh,12708.948737373737,16901.17181305108
ooh,25417.897474747475,53962.33584351617
ooh,38126.846212121214,105347.65084191019
ooh,50835.79494949495,167797.11641294882
ooh,63544.743686868685,238772.96299197202
ooh,76253.69242424243,316145.7243506385
ooh,88962.64116161616,398094.0333616348
ooh,101671.5898989899,483061.4841941442
ooh,114380.53863636364,569730.5037170803
ooh,127089.48737373737,657000.6552586486
ooh,139798.4361111111,743967.4765022713
ooh,152507.38484848486,829901.054929553
ooh,165216.33358585858,914224.6351457495
ooh,177925.28232323233,996493.8419165114
ooh,190634.23106060605,1076377.0702785726
ooh,203343.1797979798,1153637.4484130486
ooh,216052.12853535355,1228116.6135292174
ooh,228761.07727272727,1299720.3953942696
ooh,241470.02601010102,1368406.3897767223
ooh,254178.97474747474,1434173.3258459559
ooh,266887.92348484846,1497052.0829431356
ooh,279596.8722222222,1557098.18679767
ooh,292305.82095959596,1614385.6069511229
ooh,305014.7696969697,1669001.6804654226
ooh,317723.71843434346,1721042.9976385096
ooh,330432.66717171716,1770612.1002119323
ooh,343141.6159090909,1817814.8591454416
ooh,355850.56464646466,1862758.4159125173
ooh,368559.5133838384,1905549.5874621337
ooh,381268.4621212121,1946293.6499307095
ooh,393977.41085858585,1985093.4295947396
ooh,406686.3595959596,2022048.6413407354
ooh,419395.30833333335,2057255.4251273696
ooh,432104.2570707071,2090806.039628895
ooh,444813.2058080808,2122788.6796198417
ooh,457522.15454545454,2153287.389844
ooh,470231.1032828283,2182382.053261155
ooh,482940.05202020204,2210148.435830107
ooh,495649.00075757573,2236658.2735002562
ooh,508357.9494949495,2261979.38996581
ooh,521066.89823232323,2286175.836090444
ooh,533775.8469696969,2309308.043825589
ooh,546484.7957070707,2331432.988998422
ooh,559193.7444444444,2352604.3586003687
ooh,571902.6931818182,2372872.719217042
ooh,584611.6419191919,2392285.684050811
ooh,597320.5906565656,2410888.0766345444
ooh,610029.5393939394,2428722.089850026
ooh,622738.4881313131,2445827.4392721397
ooh,635447.4368686869,2462241.5101807453
ooh,648156.3856060606,2477999.4978329577
ooh,660865.3343434343,2493134.5407830253
ooh,673574.2830808081,2507677.8471862897
ooh,686283.2318181818,2521658.814136883
ooh,698992.1805555555,2535105.140173168
ooh,711701.1292929293,2548042.931146442
ooh,724410.078030303,2560496.799691856
ooh,737119.0267676768,2572489.9585697358
ooh,749827.9755050505,2584044.3081636634
ooh,762536.9242424242,2595180.5184312193
ooh,775245.872979798,2605918.1056062933
ooh,787954.8217171717,2616275.503949836
ooh,800663.7704545455,2626270.132840222
ooh,813372.7191919192,2635918.4594859555
ooh,826081.6679292929,2645236.0575331044
ooh,838790.6166666667,2654237.661828242
ooh,851499.5654040404,2662937.219585235
ooh,864208.5141414142,2671347.938191405
ooh,876917.4628787879,2679482.329875593
ooh,889626.4116161616,2687352.253447835
ooh,902335.3603535354,2694968.9533076785
ooh,915044.3090909091,2702343.0959059843
ooh,927753.2578282829,2709484.803833228
ooh,940462.2065656566,2716403.687696069
ooh,953171.1553030303,2723108.875933218
ooh,965880.1040404041,2729609.042711476
ooh,978589.0527777778,2735912.4340332295
ooh,991298.0015151515,2742026.892177657
ooh,1004006.9502525253,2747959.878589444
ooh,1016715.898989899,2753718.4953208575
ooh,1029424.8477272728,2759309.5051256274
ooh,1042133.7964646465,2764739.3502961504
ooh,1054842.7452020203,2770014.170329091
ooh,1067551.6939393939,2775139.8184984275
ooh,1080260.6426767677,2780121.8774094256
ooh,1092969.5914141415,2784965.673601804
ooh,1105678.540151515,2789676.29126554
ooh,1118387.4888888889,2794258.5851282803
ooh,1131096.4376262627,2798717.192569159
ooh,1143805.3863636365,2803056.5450099604
ooh,1156514.33510101,2807280.8786310023
ooh,1169223.2838383839,2811394.2444557664
ooh,1181932.2325757577,2815400.517845248
ooh,1194641.1813131312,2819303.4074401306
ooh,1207350.130050505,2823106.463586248
ooh,1220059.0787878789,2826813.086276331
ooh,1232768.0275252524,2830426.5326387794
ooh,1245476.9762626262,2833949.92400207
ooh,1258185.925,2837386.2525614686
leaflets,0,0
leaflets,11835.3898989899,31292.290429099237
leaflets,23670.7797979798,102568.90170769322
leaflets,35506.1696969697,204079.10749918254
leaflets,47341.5595959596,330502.4766458903
leaflets,59176.949494949506,477695.84558972804
leaflets,71012.3393939394,642103.8196460855
leaflets,82847.7292929293,820565.5199690751
leaflets,94683.1191919192,1010239.0658090545
leaflets,106518.50909090911,1208568.429846457
leaflets,118353.89898989901,1413265.9402461166
leaflets,130189.28888888891,1622299.6802663135
leaflets,142024.6787878788,1833881.349166995
leaflets,153860.0686868687,2046452.932862691
leaflets,165695.4585858586,2258671.823444267
leaflets,177530.8484848485,2469394.6145870266
leaflets,189366.2383838384,2677660.0346593726
leaflets,201201.62828282831,2882671.5322774593
leaflets,213037.01818181822,3083779.9905953743
leaflets,224872.40808080812,3280466.9668632103
leaflets,236707.79797979802,3472328.7608526954
leaflets,248543.18787878793,3659061.525084097
leaflets,260378.57777777783,3840447.54925123
leaflets,272213.96767676773,4016342.7841334026
leaflets,284049.3575757576,4186665.617213422
leaflets,295884.74747474754,4351386.872296972
leaflets,307720.1373737374,4510520.977012362
leaflets,319555.52727272734,4664118.2232467
leaflets,331390.9171717172,4812258.034435037
leaflets,343226.30707070715,4955043.14841293
leaflets,355061.696969697,5092594.623751353
leaflets,366897.08686868695,5225047.579852416
leaflets,378732.4767676768,5352547.585576675
leaflets,390567.8666666667,5475247.617002795
leaflets,402403.25656565663,5593305.511483355
leaflets,414238.6464646465,5706881.852011399
leaflets,426074.03636363643,5816138.222733329
leaflets,437909.4262626263,5921235.78301803
leaflets,449744.81616161624,6022334.113680209
leaflets,461580.2060606061,6119590.29467622
leaflets,473415.59595959604,6213158.178803845
leaflets,485250.9858585859,6303187.830634628
leaflets,497086.37575757585,6389825.104099924
leaflets,508921.7656565657,6473211.3358648885
leaflets,520757.15555555566,6553483.134891415
leaflets,532592.5454545455,6630772.251448947
leaflets,544427.9353535355,6705205.511320255
leaflets,556263.3252525254,6776904.803106184
leaflets,568098.7151515152,6845987.108396217
leaflets,579934.1050505051,6912564.5661752205
leaflets,591769.4949494951,6976744.56421264
leaflets,603604.8848484849,7038629.851358092
leaflets,615440.2747474748,7098318.6656723125
leaflets,627275.6646464647,7155904.874178364
leaflets,639111.0545454547,7211478.12074501
leaflets,650946.4444444445,7265123.979230482
leaflets,662781.8343434344,7316924.109535931
leaflets,674617.2242424244,7366956.414657604
leaflets,686452.6141414143,7415295.197196844
leaflets,698288.0040404041,7462011.314097793
leaflets,710123.393939394,7507172.328642847
leaflets,721958.783838384,7550842.658953179
leaflets,733794.1737373739,7593083.722422469
leaflets,745629.5636363637,7633954.0756619265
leaflets,757464.9535353536,7673509.549658505
leaflets,769300.3434343436,7711803.379950034
leaflets,781135.7333333334,7748886.331704188
leaflets,792971.1232323233,7784806.819655814
leaflets,804806.5131313133,7819611.022911592
leaflets,816641.9030303032,7853342.994674501
leaflets,828477.292929293,7886044.766974785
leaflets,840312.6828282829,7917756.450520842
leaflets,852148.0727272729,7948516.329803573
leaflets,863983.4626262628,7978360.953602837
leaflets,875818.8525252526,8007325.221055217
leaflets,887654.2424242425,8035442.463449364
leaflets,899489.6323232325,8062744.521919325
leaflets,911325.0222222224,8089261.8212080635
leaflets,923160.4121212122,8115023.439673135
leaflets,934995.8020202022,8140057.175704947
leaflets,946831.1919191921,8164389.610725022
leaflets,958666.5818181819,8188046.168928004
leaflets,970501.9717171718,8211051.173926528
leaflets,982337.3616161618,8233427.902453107
leaflets,994172.7515151517,8255198.635267743
leaflets,1006008.1414141415,8276384.705414312
leaflets,1017843.5313131314,8297006.543962968
leaflets,1029678.9212121214,8317083.723369954
leaflets,1041514.3111111113,8336634.998580308
leaflets,1053349.7010101012,8355678.3459931705
leaflets,1065185.090909091,8374231.000403693
leaflets,1077020.4808080809,8392309.490029924
leaflets,1088855.870707071,8409929.669727689
leaflets,1100691.2606060607,8427106.75249116
leaflets,1112526.6505050508,8443855.339331819
leaflets,1124362.0404040406,8460189.44762359
leaflets,1136197.4303030304,8476122.537997289
leaflets,1148032.8202020205,8491667.539863069
leaflets,1159868.2101010103,8506836.875635253
leaflets,1171703.6,8521642.483729953
