channel,decay,ec,shape
tv_linear,0.16971621842844725,437903.2441783489,1.474478723921714
online_video,0.551444963761734,353273.9129890569,0.8136297215789049
social_prospecting,0.2624918558048797,182883.29861667095,1.707443887472229
social_retargeting,0.28336141264046866,80205.84984694679,2.2304323283326637
search_brand,0.7063137718856486,205965.8124240966,2.1573981218596012
search_nonbrand,0.17381902135777205,141990.66454100347,1.9021690667027527
programmatic_display,0.3751423033256082,143565.84961591123,1.4454191788209578
ooh,0.43608760548667563,272816.64764584124,1.6925614218117613
leaflets,0.003081154274027815,324513.83109108463,1.7236691194873248
