week_start,actual_revenue,predicted_revenue,baseline_contrib,media_contrib,contrib_tv_linear,contrib_online_video,contrib_social_prospecting,contrib_social_retargeting,contrib_search_brand,contrib_search_nonbrand,contrib_programmatic_display,contrib_ooh,contrib_leaflets
2022-01-03,11160183.64,10438172.211486269,4355379.93301801,6082792.278468259,201444.49374630547,238829.00050834834,263802.194114372,1012281.7386183679,8862.031608411013,576165.6410177082,0,192282.8667761356,3589124.3120786105
2022-01-10,11375642.420000002,10869525.584934786,4266180.247282786,6603345.337652,389055.3323536666,326045.4987570227,343450.7772531698,1320725.503518626,10317.089734946616,1499925.200227783,0,528736.5640458171,2185089.3717609667
2022-01-17,11797266.39,12482128.148231475,4226295.843411155,8255832.30482032,609284.4265676695,387952.393750578,393280.81822069513,1132493.5757942316,15123.515154168013,2874645.111147033,0,889888.5189259303,1953163.9452600137
2022-01-24,17804624.619999997,15563119.520457968,6731142.865197292,8831976.655260677,843945.2592159703,470207.13332996116,477847.70907448,1827507.885951262,20041.44962642211,1712948.3611193788,0,1711921.854060685,1767557.0028825176
2022-01-31,16487811.400000002,13491020.760589683,4347173.223347852,9143847.537241831,948784.6776963032,558348.0550205284,493936.54136379197,1517378.396139748,22930.550048611694,1455766.8706423738,0,2153086.4958353383,1993615.950495136
2022-02-07,17754675.93,17833349.09006899,6102329.840282634,11731019.249786355,980782.018093951,644073.2009147787,686575.1047200309,2023319.2297083233,40103.41974372689,2684703.331580489,0,2299749.120182239,2371713.8248428158
2022-02-14,16097390.87,16254629.112581387,4738939.543894654,11515689.568686733,1007757.0320138083,649165.6144134174,746902.565801988,2211775.8021416883,51112.43406672687,2249444.595066908,0,2274261.055571192,2325270.469611006
2022-02-21,18231762.5,18504643.42780526,7478790.077674337,11025853.350130923,948620.0430919473,619094.4373810856,798469.7390950056,2037818.1266467453,74026.27881157477,1966931.62904227,0,2208360.635721626,2372532.46034067
2022-02-28,16638809.870000001,15314154.864703817,5501323.459917691,9812831.404786127,784948.646139083,614031.9492742806,994192.1777621807,1713359.7021971676,77342.49516291119,1573054.4805457066,0,1917631.500003458,2138270.453701339
2022-03-07,17201587.8,18904702.019737855,7454709.286785845,11449992.73295201,645667.3653345051,580139.5122366739,1034623.3641344345,2049593.415687311,77778.14342501474,3334893.426930927,0,1547468.8734514418,2179828.6317517017
2022-03-14,17266968.779999997,18632784.80270163,7983083.8410418,10649700.96165983,403367.2751016122,556974.3527777382,916738.0901567668,1949463.1709036734,69162.49881901644,2653106.0048808437,0,1135768.2121830038,2965121.356837176
2022-03-21,16667932.52,15446512.655559203,6742460.040203221,8704052.615355982,508777.8710458834,567986.65873885,940602.2812690145,1705888.550713944,57115.81972557552,2073779.5865136364,0,1021669.1479826287,1828232.6993664496
2022-03-28,16490799.55,16501619.273616739,7305115.484450083,9196503.789166655,660900.8089326823,563990.5740841444,754132.2540770113,1837439.1381632357,50924.55603580694,2103165.555603269,0,1224854.8446422773,2001096.0576282293
2022-04-04,23715142.27,21654233.025317684,7662670.427093282,13991562.598224401,538604.6184633488,581908.7751691962,681065.096739382,1640499.899046321,47213.76980684831,3441710.3131837235,0,1588658.3174510507,5471901.808364531
2022-04-11,24727821.79,25666947.151893187,9419202.782835387,16247744.3690578,982495.4538804421,627621.3114228994,579800.8337466889,1953374.0066188548,45396.68799778521,4780769.754820787,0,2188368.8090281077,5089917.511542234
2022-04-18,28694510.37,30883835.69430242,13029968.020777225,17853867.673525196,1012957.5513472264,639103.4322407857,590024.281328072,2348085.437221349,56884.44592061222,5259304.344544993,0,2319742.915617033,5627765.265305123
2022-04-25,26288462.520000003,22127728.49852746,10688471.930522261,11439256.568005199,1022218.9121325734,688651.115872264,727873.7868717725,2283857.8150423192,70434.39271728799,4137894.46375765,0,2507673.635387519,652.4462238122856
2022-05-02,25378136.630000003,26481691.83236148,9198908.203786343,17282783.628575135,945362.7907562342,688164.2042165984,968760.2768276765,2273114.786903956,80497.51686370575,5217946.0180628775,0,2466353.033491104,4642585.001452982
2022-05-09,25523125.71,24688493.120607436,9353918.645858014,15334574.474749422,997469.2279960342,703152.5085010539,993816.8369220772,2121310.1111719133,81479.124916283,4103441.1502585597,0,2310677.613093202,4023227.9018902984
2022-05-16,25264823.239999995,21892351.140951242,9391160.370330496,12501190.770620747,965012.5577551032,725959.4388754957,914948.8504502324,2146909.527717337,89548.98265693839,5287138.898279037,0,2371343.892261338,328.62262526457266
2022-05-23,29378759.050000004,29784552.013806768,12252088.44972799,17532463.564078778,1051832.480395142,707860.342002691,1017450.195447248,2439567.302220561,87168.0133735382,5034457.22043101,0,2469999.4231571415,4724128.587051448
2022-05-30,26109794.52,25524456.87412621,9108881.85979639,16415575.01432982,1004292.771387186,719717.7639475982,902406.2552349264,2195147.3894358794,95658.0037863507,4043835.8504043305,0,2499323.506775515,4955193.473358036
2022-06-06,27778399.1,28295864.17228716,10886183.835207604,17409680.337079555,992038.622144088,694782.800911564,819816.798897323,2240872.8847632967,94073.8251464899,4726794.947776894,0,2377099.0894661285,5464201.367973769
2022-06-13,19578531.509999998,24967590.09439584,8328258.406838514,16639331.687557325,917445.0578663765,700767.2046924892,714587.745938005,2773476.1092627877,95890.05485463716,4388709.736855341,0,2236781.3660813784,4811674.412006311
2022-06-20,25080917.599999998,23672935.243124556,7847312.810951889,15825622.432172667,734227.1678625556,693970.9909032662,573005.6475075431,2204407.0392231215,99096.47906337498,4858228.0234082565,0,1803565.9178724273,4859121.166332122
2022-06-27,26547234.39,22306441.571536724,9790500.18654234,12515941.384994384,563081.546225767,646225.4489789407,424689.5138258097,1507064.6937051117,89150.6357164132,3892586.9307373646,0,1329377.5321965658,4063765.0836084103
2022-07-04,15935878.07,17295879.013898678,8424176.026296882,8871702.987601796,326589.69860939117,614237.3155895169,475226.8678745072,1743658.0787534388,79863.76308021868,2612690.131335641,0,777305.3997847472,2242131.732574334
2022-07-11,13903625.16,13378011.746571574,6128647.013237635,7249364.73333394,166133.98055140904,567362.2178919907,572944.2871333145,1850168.3680415382,64203.65827319885,1434234.5581981274,0,470243.2353082893,2124074.427936071
2022-07-18,14333962.760000002,12116770.679002684,5556600.034757359,6560170.644245325,128783.87833374731,505152.5694802888,553709.5932984679,2335197.3640118274,52252.01835467408,2675418.7169862445,0,309527.95822309196,128.5455569820118
2022-07-25,13519894.779999997,13333262.26733804,5018474.264886393,8314788.002451646,243830.02588090877,465274.2285565975,644965.7464228891,1609780.5963855046,39682.270093085084,1623634.8984418318,0,329858.5811671928,3357761.655503636
2022-08-01,14443902.77,12893198.61876506,4548006.642636035,8345191.976129025,481186.98684293556,459727.89339487033,842908.2067772617,1932503.8800078179,30859.47618745764,1690881.4922069057,0,578367.1937818868,2328756.8469298887
2022-08-08,13911597.3,13821236.73481734,4131925.31580605,9689311.41901129,646261.5631616167,507754.32181823655,858326.6701259973,1844919.0818484568,28189.661738815146,2097389.431406697,0,1191522.5486727022,2514948.140238768
2022-08-15,12504157.200000001,16047841.823206162,6106572.582265869,9941269.240940293,882438.105040867,509113.1979685105,953229.8248683957,1845210.492576147,28455.07794241369,1408217.30022355,0,1672816.6336557022,2641788.608664708
2022-08-22,14603329.48,16769226.02725156,5173510.737722069,11595715.289529491,922327.7208006884,556145.9327187127,976255.9306518612,1991801.789001713,36854.45107912726,1420479.060006993,0,2193532.9194266093,3498317.485843786
2022-08-29,15124885.950000001,15197810.086703895,5099609.474905824,10098200.61179807,995514.238769938,625697.1703149949,881068.6301758651,1704357.6856002868,47559.4910570022,1458512.5980226984,0,2389335.4923807913,1996155.305476493
2022-09-05,13933126.81,14442932.87715744,3111827.12678382,11331105.75037362,972559.2825367592,645937.5352438878,698686.6571445073,1305099.6853757163,59013.47858919911,1916431.5995751305,0,2383018.4163011364,3350359.0956072845
2022-09-12,14483617.190000001,13025580.965030711,3117041.2315562665,9908539.733474445,973578.1587667638,662564.1025998526,622200.4400409096,1671537.8645876069,71155.1731129486,1616886.448186931,0,2222499.6269831206,2068117.9191963119
2022-09-19,14493885.370000001,13944525.66896296,4986441.253985617,8958084.414977342,821444.8198689495,685028.9234727061,586632.9658631538,1477852.0082309153,83861.80995724737,770007.2719839037,0,1939256.2240682398,2594000.3915322283
2022-09-26,13247071.46,13920409.229824059,3314806.406412283,10605602.823411776,692516.5374055486,681526.4615250474,516838.83053665416,1651395.8133599998,83968.33208844169,2226271.7830121135,0,1510063.6623899476,3243021.4030940235
2022-10-03,13513313.889999999,15422783.63896013,5644640.862705601,9778142.77625453,513045.68720059993,637102.181340552,475031.3470881681,1971204.4221971103,75919.73761150955,2257762.4415498916,0,1201487.2111132524,2646589.748153446
2022-10-10,12318381.98,12022337.426033575,3514713.276499711,8507624.149533864,790052.0515088876,611693.9471763422,442886.5903912439,1604087.0582708665,68106.31433609016,1375268.8850492153,0,718033.1451859141,2897496.1576153045
2022-10-17,12351829.88,16189586.034225719,6862573.028554341,9327013.005671378,855137.9033878413,646622.6919860254,495205.6826927941,1225968.9100430754,60313.73148636615,2610383.430325916,0,1507395.5060980076,1925985.1496513523
2022-10-24,13367175.8,14328238.747845221,3863676.1013433803,10464562.646501841,917207.4132388595,644596.7715582866,786624.2380177841,1553859.069006263,61905.07369141627,1840321.342028734,0,2140109.3046819717,2519939.434278527
2022-10-31,14546490.68,19036482.197470076,5713571.857947748,13322910.339522328,1017994.3535676195,646952.988873465,829284.1690827762,1300402.3651092744,70506.31681779353,3491294.2602921384,0,2394097.1883645975,3572378.697414664
2022-11-07,14713764.670000002,15968055.120477375,4292811.5585158,11675243.561961574,1023825.8373291056,685994.6743751639,931282.6773537251,1319123.3095183033,82402.639729692135,3633791.8917557257,0,2416578.779304768,1582243.752595092
2022-11-14,12488510.43,15786989.727732625,4345666.096078485,11441323.63165414,1021437.1677746313,718979.0037204783,925772.1709512612,2040250.801426622,92082.0212960011,2120301.3625115836,0,2511855.6511126747,2010645.4528608888
2022-11-21,31033448.64,25789965.774992056,9996928.065602245,15793037.709389811,992648.2291069472,743011.8235915923,965674.4818086108,2116429.643708313,91587.072679718,4786220.844146787,0,2467967.062679357,3629498.551668486
2022-11-28,32623812.41,26799246.09847203,10209904.643680315,16589341.454791714,1008404.8836278825,757296.8454998787,958720.9923847645,1972618.4137974319,98372.57777047782,4788948.58021735,0,2469072.4270491344,4535906.734444794
2022-12-05,15003699.820000002,16306692.895926576,4263838.538830243,12042854.357096333,1022212.1452324024,771726.3264757792,825351.5644608713,1835095.246759151,105028.66731385853,3340133.366309484,0,2430508.317326355,1712798.7232184294
2022-12-12,22156001.52,24094984.60350527,7997116.730695082,16097867.872810187,989095.9055056403,733649.8219617978,695636.4767196374,1577435.734575043,112037.86083956114,5073661.690852862,0,2351603.9687929465,4564746.413562698
2022-12-19,16586804.010000002,22068625.49129346,6048177.825135615,16020447.666157845,858650.7882741272,727675.2951792179,551405.4138314237,1763918.3359361903,112194.84264277341,4533058.548959863,0,2214496.2972263824,5259048.144107868
2022-12-26,15760946.07,14682627.574187374,3683549.7649697084,10999077.809217665,760752.2740172936,683534.3579547373,468517.0414078226,1839745.2211947024,104805.72875416814,2948304.535065495,0,1896741.5203191119,2296677.130504335
2023-01-02,11201786.180000002,13326796.937860785,3824965.450859137,9501831.487001648,595057.47265696,651702.747425042,380537.5157838284,2244381.6090312446,95174.17632023818,1231240.4849449873,0,1602756.0759786966,2700981.4048606507
2023-01-09,11098990.95,13259458.120979382,3728547.021444561,9530911.09953482,544152.103974379,622863.0814125097,332357.78800340364,1893428.9668004436,83224.65223299817,1360451.3511854508,0,1294644.5948070413,3399788.561118593
2023-01-16,11563788.66,15526282.983130116,5646750.8167012315,9879532.166428884,652609.8953664843,618033.7018716192,360494.7264189173,1471153.4321495898,73087.51217827444,3207214.487959576,0,1439674.545431035,2057263.8650533895
2023-01-23,15131714.33,14299406.903091816,3689763.7425638903,10609643.160527926,840629.3842024042,613461.8809968436,402739.47537728003,1375367.2729749305,57930.283942190756,2741909.2651106683,0,1895333.6837308712,2682271.914192738
2023-01-30,14631890.89,13622823.577774746,3773286.8529439736,9849536.724830773,987126.9810973443,624867.8078725341,452810.4708404989,1488443.224102017,54627.19042739503,1625709.3621834838,0,2101791.360300698,2514160.328006802
2023-02-06,15643794,15986815.667189434,3966023.5192513727,12020792.147938062,1006341.3284269252,632590.074352652,510573.5140793862,2101786.179389722,63161.63473401555,2811678.185045951,0,2337745.2646846045,2556915.9672248024
2023-02-13,15978952.530000001,16122268.304211166,4213376.950431837,11908891.353779329,966065.1350586397,663024.223555488,853370.6747927658,2205198.9174231733,69275.70532557617,2432752.082727798,0,2351901.658060338,2367302.956835549
2023-02-20,16622114.89,16589223.67422954,4543022.413040813,12046201.261188727,915494.6873812318,678119.4868978778,866822.8049216815,1575526.162216935,74568.21119663659,3240091.065607436,0,2273100.26364511,2422478.5793218184
2023-02-27,15991782.82,14671638.120967023,4948785.298284104,9722852.822682919,691872.5663795164,649895.775550333,808767.4413135737,1451562.7457092393,76315.31781297577,1575032.038700867,0,2063153.5717734732,2406253.365442941
2023-03-06,16803185.22,19027568.698865913,7617028.442767434,11410540.256098479,589343.4700391407,640117.6598918379,873183.2053839732,1912338.5974080835,74299.40163743832,2962979.5664494857,0,1553546.4201708667,2804731.9351176545
2023-03-13,16130384.250000002,16989407.74731884,5999050.5377523955,10990357.209566446,455046.7846719911,605156.5094376524,895989.6657482447,1827497.1046982068,69647.34121792713,3451463.0112528717,0,1143867.7129432838,2541689.0795962675
2023-03-20,16375992.54,17038423.87163471,6551866.309460394,10486557.562174316,380981.68300143967,577403.4910729385,874110.0371241599,1624052.9446709137,59550.72387147354,3267840.492293588,0,1037212.361800351,2665405.828339451
2023-03-27,16484713.88,18058985.737829566,7115047.520495301,10943938.217334265,708993.3742405736,570236.4687525978,818296.2498335186,1256910.4893217934,49396.118789343614,3863478.8385555167,0,1310244.410696814,2366382.267144107
2023-04-03,29984875.65,24907893.63232484,11111688.868034935,13796204.764289906,890170.5278433776,591331.9295163542,732318.7878987064,1609727.1798743892,48051.71235916716,3270859.8618867225,0,1578924.4276579423,5074820.337253248
2023-04-10,30023657.560000002,29248657.707055006,13680554.758248005,15568102.948807001,981135.4962122564,615520.4287177478,670521.315460398,1985060.2695863321,48065.12621324289,4266590.517135298,0,2007453.7719658006,4993756.023515927
2023-04-17,28413335.390000004,27930641.782743163,11518736.561727423,16411905.22101574,1014203.8926791498,646948.7177220746,758915.0550336271,1481699.438590295,59366.1654212511,4578928.69685947,0,2513055.848149312,5358787.406560562
2023-04-24,28094565.26,29126635.113975685,11898002.223878477,17228632.89009721,1005733.442053025,669632.0335760147,873953.5776556791,1248986.6475381828,69533.50167942734,5380635.427366629,0,2447389.776300968,5532768.483927281
2023-05-01,27792702.63,26921879.901214264,9533711.952214468,17388167.948999796,1007600.491161003,676314.6805060052,913770.0108873203,2465237.940959683,76386.83701672198,4231039.041880559,0,2396338.2089189286,5621480.737669573
2023-05-08,22576645.69,24859442.359314106,9709274.769191053,15150167.590123054,990987.6220697336,710704.8157416363,931694.5384108577,1829342.3572594726,88129.06139655398,4058977.811681943,0,2430393.237180029,4109938.1463828264
2023-05-15,28616424.47,27784763.50001406,12112724.459511451,15672039.040502608,948016.9727169413,686301.0768443249,948685.9014679166,1702242.0697935997,92681.88828896916,4070364.8010786264,0,2467043.5020770896,4756702.828235139
2023-05-22,25942755.900000002,26848495.655162852,9706812.947478097,17141682.707684755,1053975.1948027804,701312.8135060887,862736.4996763023,2006166.8261381113,94987.62266174756,4779308.828792571,0,2464996.050180795,5178198.871926356
2023-05-29,27283607.500000004,27440798.06190183,10056862.034783263,17383936.027118567,1027942.860911906,680595.8220687591,900441.0604667522,1744921.519310848,98390.0263656409,5329601.27791217,0,2465593.6451365836,5136449.814945909
2023-06-05,28268314.990000002,24442802.405031957,9360381.310000459,15082421.095031498,1012055.1324218443,656363.5928150179,814114.1685125073,1754707.1538461042,94119.93859522669,5096172.010429434,0,2445574.7677303785,3209314.330680987
2023-06-12,26828723.149999995,24752980.70431932,8973249.563546905,15779731.140772415,876235.1206124664,669101.6641260248,721379.5274065537,1843584.6409162814,96958.63240869598,4489304.148331966,0,2302142.8924745177,4781024.514495909
2023-06-19,26733158.65,24800951.063310552,8504883.194631763,16296067.86867879,770372.7076469825,674833.670390292,616126.4223377453,1715216.6590030538,96330.88136855027,4519741.705387873,0,1950455.004946729,5952990.817597564
2023-06-26,24993197.480000004,21360664.28816198,7975292.121158309,13385372.167003673,537105.8175218211,642575.1769770574,566926.2973570314,1935809.6255068392,86900.31966264562,4045503.227109616,0,1367037.6363699,4203514.066498761
2023-07-03,14278598.4,16969242.682668883,7430008.558116326,9539234.124552557,305245.65589264425,611245.1563400228,531970.0055395811,1896253.8628493908,77945.60069706294,2203556.741019046,0,798980.402564071,3114036.6996507384
2023-07-10,15925345.990000002,15740036.652253995,8899745.179630468,6840291.472623527,183669.31781018284,558361.7651748147,536968.3689298735,1972629.89273205,62095.21775212178,3101097.8318957235,0,425251.1956174833,217.88271127712727
2023-07-17,14291810.25,15542594.57509758,6270213.842089398,9272380.733008182,133970.77427155757,495652.12909398996,654178.0960657403,1307125.074461746,48952.883426358756,3520482.7587460247,0,321072.7602424363,2790946.2567003276
2023-07-24,12399226.64,13833286.680914372,5724474.747348832,8108811.93356554,180635.38050021837,474743.40825638484,754284.4474666832,1754451.8597820872,40048.06864342587,2041139.5887023245,0,357224.9776668751,2506284.2025475414
2023-07-31,14056656.079999998,13617404.180471972,5228663.6251802,8388740.555291772,466162.34221906244,476179.4877679835,868765.5213367257,1346122.9110188077,35158.45199067552,1758953.8313772827,0,685928.740964948,2751469.268616285
2023-08-07,13971656.099999998,14523109.35790079,4776000.331252882,9747109.026647909,558347.1366057358,455348.82003567735,957186.0581818391,1461459.4818362715,32267.197366212098,2520264.146181234,0,1020080.7555793545,2742155.430861585
2023-08-14,15916252.28,16731958.364169154,6222126.623807089,10509831.740362065,875296.8691340263,550071.9148366646,919332.1080640547,2179906.3695775475,32773.6381063472,1152594.104325358,0,1749419.7814820227,3050436.954836044
2023-08-21,14468122.850000001,13870624.525769804,4160705.358568454,9709919.16720135,943036.983043809,613050.8613818341,940410.020116074,1378495.5618494763,40945.40034787415,1507415.7100355749,0,2331948.243488897,1954616.38693781
2023-08-28,15053415.19,16403130.009010408,3985289.3444479145,12417840.664562494,1008780.4641552529,638823.9157021573,829094.1123170672,1800114.707865009,48133.05103311443,3418214.6362738484,0,2425500.40698223,2249179.370233815
2023-09-04,15119722.959999997,14958996.984300796,3835920.833637433,11123076.150663363,859693.7409671488,597216.7367944715,853401.7904172441,1945686.456989634,61820.626916608,2080376.8237062092,0,2406820.0080051594,2318059.9668668886
2023-09-11,13998359.149999999,17602710.18125343,5710219.731461873,11892490.449791556,930313.8226115394,625609.2227710137,722510.7486841693,2047738.7717430422,72876.61513012888,2701012.1152826785,0,2251822.4038721193,2540606.7496968633
2023-09-18,11702473.280000001,15482354.070165608,5600433.798979558,9881920.27118605,759740.7826089496,635603.609097398,561855.8806015835,1565487.393844215,75556.0837498664,2017790.5405205775,0,1855297.9858548627,2410587.9949085964
2023-09-25,15252355.370000001,16858604.405948866,5631825.320498928,11226779.085449938,665345.9930762424,638054.4689738397,419262.06985174475,1643726.620880058,74774.87332386337,3729310.494851643,0,1484664.5603145182,2571640.004178028
2023-10-02,13517835.520000001,14954206.408646539,4197186.720157374,10757019.688489165,628553.1383255346,627138.8606963516,491916.7203334215,2316586.678985351,70741.72631391238,2786984.212314584,0,1197027.481423263,2638070.870096747
2023-10-09,13635549.43,13877584.215506952,4375516.553482663,9502067.66202429,682235.7172332844,618056.8766768789,445210.5801723272,1962783.8432130553,63691.26161822735,1828599.7799010992,0,1442501.0933889376,2458988.5098204804
2023-10-16,14750150.6,14720484.715421464,4558338.710149609,10162146.005271856,888047.7181544272,618545.0278387222,569056.6431610081,1289949.2384362072,58635.38271466618,2033243.768318654,0,1827023.136504032,2877645.0901441397
2023-10-23,14122953.25,14786700.537314486,4729214.513707403,10057486.023607083,1020551.1890319871,645099.458338833,701834.7806227382,2196110.7860704362,67588.353050966,1154736.2870554726,0,1648691.511092416,2622873.658344234
2023-10-30,14965876.01,17246997.10568511,6499583.493628155,10747413.612056956,1039927.8742418854,617755.7454538387,749128.8673003662,1212702.268812967,73517.52911604157,2688601.490055905,0,2108457.007980222,2257322.8290957306
2023-11-06,13524467.32,20297894.116332293,6735552.226796798,13562341.889535494,1070995.1383461498,655591.7336905207,873555.4793213075,1784362.144753295,87890.22270331097,3734224.9886620026,0,2396615.9846714973,2959106.19738741
2023-11-13,15215986.100000001,18453460.91086479,7224916.19453232,11228544.71633247,1040024.7991180725,703857.826084279,911643.3885099413,1734137.1141811989,95032.25234694399,2067027.367143868,0,2491822.5075182565,2184999.461429909
2023-11-20,32526893.35,25539005.969657034,10232410.12671461,15306595.842942424,1027860.0230326556,710357.6654396494,873408.5302035812,2236241.3193223043,105196.24429597757,3284929.960710492,0,2530114.820529136,4538487.279408629
2023-11-27,26635271.529999997,26245368.56422241,8742259.713792976,17503108.850429434,1032272.3511350204,705434.207619316,888206.8873884386,2170131.352959897,109795.58462556015,5380781.027821772,0,2550507.840616816,4665979.598262614
2023-12-04,16105003.279999997,16133811.242252948,6788534.520220108,9345276.72203284,1006988.6039007964,709613.7758954588,895725.2358988023,1760740.4814355536,109707.70526608644,2377368.5655364213,0,2484700.069312817,432.2847869049519
2023-12-11,23734485.200000003,23684863.591055542,8301914.074420832,15382949.51663471,989966.468422483,718766.6817551607,735864.6552713618,1956880.9630840989,112374.97516945425,3445285.03143195,0,2458281.051890818,4965529.689609382
2023-12-18,17428623.29,23185680.96111895,6612016.953693798,16573664.007425154,940903.3439358573,723674.3214591618,584963.1452405275,2417519.370839714,110109.77499124037,3737325.6901531825,0,2328215.23110197,5730953.1297034975
2023-12-25,16387445.75,13384006.021806033,2364326.6692386344,11019679.352567399,799046.2602998054,684237.6069837145,405597.81707779143,2381398.410416354,102627.57643159256,2422485.786422596,0,1977288.0613238069,2246997.8336117375
2024-01-01,11916943.919999998,15459976.426939594,4522378.373981338,10937598.052958256,637775.2782920732,666033.936045436,409338.60559233715,1278708.9038891732,98124.80848373844,2633015.1340068714,0,1534675.0312082486,3679926.355440378
2024-01-08,12872875.4,15833032.026010364,5785104.76283169,10047927.263178675,616725.8744340128,658317.3434641156,485956.3625342239,1254250.5500949258,87549.27187075115,2926397.4644786306,0,1241901.7874720145,2776828.6088300007
2024-01-15,13568579.51,17522282.42517765,7437093.277432974,10085189.147744674,597753.4081884805,638025.7761156476,427423.4921214112,1543183.7872611068,72399.84713845175,2110511.97342448,0,1483275.9175394874,3212614.9459556085
2024-01-22,16224122.340000002,15021868.57890054,5724896.032174004,9296972.546726536,874608.4999791713,603884.5719256839,430935.12972223083,1674390.339438066,65101.53763949806,1601095.7354984004,0,1853813.674521174,2193143.0580023117
2024-01-29,17457026.31,17792946.922473896,7420483.552753586,10372463.36972031,999317.266220919,614488.5055584002,536238.568344131,835808.2916676978,63870.95517580641,1492650.9137002723,0,2217466.73174952,3612622.1373035624
2024-02-05,16570010.9,16826961.653932534,5972602.521587411,10854359.132345123,1014034.5714183752,624321.0843888111,481226.57744776784,1764935.6968953903,71146.85909748556,1991214.086838352,0,2330518.1441990403,2576962.1120599
2024-02-12,16623879.84,17686987.81110654,6204861.755315822,11482126.055790719,1004856.5069180313,646883.3527273363,762577.9874634753,1804586.0838429949,81598.51099485165,2552041.840429372,0,2279010.658880211,2350571.1145344474
2024-02-19,17489844.520000003,16084225.368424457,6520010.319723792,9564215.048700664,918042.7111384188,629433.5265339259,902079.1138805319,1494928.4856214013,85573.2426877243,1188943.6641688044,0,2070249.056327538,2274965.2483423185
2024-02-26,18304437.43,17839474.683505677,6912741.367170993,10926733.316334683,815723.8266884888,640311.7338627258,967965.6147336977,1485146.8310454448,87350.85041572657,2204481.1270601954,0,1836048.4290186118,2889704.903509794
2024-03-04,18340571.75,18405673.882865563,9078585.382433867,9327088.500431696,516891.0288804579,625773.6176523467,950388.7892833137,1732778.6946875937,79172.96756808076,1926786.1816006377,0,1353558.109033337,2141739.1117259287
2024-03-11,14998645.08,18644723.43896932,7880694.850805065,10764028.588164257,406749.24940370984,585719.8411212129,991011.5158205727,1646155.0061156468,73098.69234064798,3286376.5318708397,0,967347.5838166124,2807570.167675015
2024-03-18,17673654.35,19843755.805480488,8429328.198502544,11414427.606977943,460621.9176327227,585130.7406790438,938650.3201992783,1935655.7055836027,64299.671484600156,3784634.3604967324,0,888081.3237593836,2757353.5671425797
2024-03-25,21774273.53,21240170.955713127,12039338.293046296,9200832.662666831,719859.203697273,545954.2897420881,760320.3350511397,2157811.9197412687,53923.11517938588,1759350.0773358305,0,1128190.2622247674,2075423.459695077
2024-04-01,28172997.979999997,27155495.09341711,12736193.283849519,14419301.809567593,905464.65782535,575975.8239618005,648024.0359887887,2251378.072197444,50011.99609682877,4389739.456965137,0,1709983.830441617,3888723.9360906268
2024-04-08,31825614.75,29694437.404770594,12950644.92950338,16743792.475267215,990578.9784294375,605176.8710027569,571067.2349836819,2220725.7506601955,50514.68144940967,5029151.584345614,0,2300486.2868118812,4976091.08758424
2024-04-15,31001142.839999996,31100402.357279114,13505580.194995064,17594822.16228405,1023027.8716966955,692719.4618556754,614720.4620673645,1835247.0561884705,62634.85004713971,4872730.278344982,0,2309221.653304962,6184520.528778759
2024-04-22,28338005.18,26712248.020091355,10905391.835860975,15806856.18423038,1007445.175366123,676469.4031638615,704696.4205149211,2010855.4056956957,77526.26987391945,4652628.811807291,0,1938693.2235919212,4738541.474216646
2024-04-29,26425464.96,29674138.383405373,13090120.354237111,16584018.029168261,956975.0500412516,685818.2200036693,844863.7890344894,1908133.3415107632,83203.28711010687,5200912.216639157,0,2159806.164883816,4744305.959945006
2024-05-06,31247362.46,27504783.468253173,12097696.979137938,15407086.489115234,985881.3928680223,729707.3842456704,957007.6958264614,2114135.9378998554,89375.83623794727,4181511.1419701483,0,2227462.9751768713,4122004.124890256
2024-05-13,31659668.1,30355707.64614505,13255907.335074726,17099800.311070323,1011928.8228999195,725624.5737008025,1026806.7797945894,2462927.589917004,95187.22794780103,4797327.11899215,0,2363278.1019355403,4616720.095882517
2024-05-20,32914482.959999997,30031048.654100183,13659745.503917944,16371303.15018224,973179.233627892,712482.4102741173,929038.3349595017,2277927.5983332894,100405.09657632337,4306401.018216831,0,2435190.1456707497,4636679.312523535
2024-05-27,30275313.29,26167647.25489507,11346718.574019922,14820928.680875147,991345.3515207217,710509.8019186496,916173.4075272981,1764039.935102804,100009.68750898725,2973637.388704452,0,2466231.701575384,4898981.407016849
2024-06-03,27941910.82,26701677.313844003,11137436.996209249,15564240.317634754,974601.8677114585,702064.0866938755,762733.8846927016,1686848.6156581922,102925.68844998456,4657481.914128938,0,2477277.618551315,4200306.641748291
2024-06-10,30906818.629999995,28343680.757791553,13248284.324313108,15095396.433478445,943808.410012684,714091.7046744359,712916.8194895023,1989834.4615323439,98499.49068670347,3440397.775501937,0,2303677.1999088707,4892170.571671966
2024-06-17,30941908.909999996,28285080.221859258,12793148.26907279,15491931.952786468,732315.6427769677,689622.5992901522,554798.6180924827,2358629.9713805034,99889.04621268493,4360884.641767831,0,1908438.850412635,4787352.582853212
2024-06-24,21615967.32,23531698.18510393,9791505.293087047,13740192.892016884,488131.18146278994,654366.6744351755,467389.4577560414,1877447.5848615419,94374.21670690725,4222335.657781593,0,1336591.0684148516,4599557.050597984
2024-07-01,16958066.96,18020857.56697526,9199301.218198331,8821556.348776927,311180.4155180305,609106.4986078632,480652.9169640344,2093655.9820144614,80888.41028117263,1675720.4579241488,0,804269.80958271,2766081.8578845067
2024-07-08,16916342.439999998,18948290.855759174,8616429.972370781,10331860.883388393,177726.27334429696,543387.2728494575,436257.06861862366,2354549.021760765,69256.43738919462,3585739.091997103,0,426576.5802956625,2738369.137133291
2024-07-15,16987220.99,16179343.340769708,8037406.97181191,8141936.368957798,140844.60269781214,483277.10095848836,475941.9930638854,1592962.2066217533,54371.03263752856,3301105.8430506107,0,203295.8178431245,1890137.7720845945
2024-07-22,16034628.379999999,15236727.253866702,7484697.706225999,7752029.547640704,216044.94379061915,472815.04848371085,698538.6634252544,1400804.3126558112,41983.3888140763,1582908.1232336238,0,299166.95588148944,3039768.111356119
2024-07-29,16967845.4,17540462.617085557,8861078.58969432,8679384.027391238,449963.7092672463,474408.6514100843,900608.6635562509,1917442.622890199,33234.54946994187,2680054.346287693,0,403519.183485045,1820152.3010247783
2024-08-05,16518510.589999998,17062556.836630486,6478132.34047946,10584424.496151026,704897.7577521382,474063.8939667753,1003593.4728755897,1664610.9758369555,31725.57792671539,2637108.1692259535,0,1042757.8300902345,3025666.818476664
2024-08-12,17100134.9,15963286.529655738,6112464.014102554,9850822.515553184,924231.3631303519,512667.1409574183,1029419.7412057067,2273134.8693079096,28758.956253495824,1194626.2585343602,0,1691353.5348012187,2196630.6513627223
2024-08-19,12582056.299999999,13336928.851103304,5832090.318845284,7504838.53225802,976005.1058446943,578933.0234739608,952568.8094976459,2027810.354063054,37701.015459103335,795056.8812886234,0,2136629.077065073,134.26556586489795
2024-08-26,17952402.759999998,19913555.557795506,7608726.114844095,12304829.442951411,992887.8837298773,610470.4739648214,946978.6770053703,1911221.062738963,55139.134719327325,3178307.5666589015,0,2374913.697600204,2234910.9465339463
2024-09-02,17587640.78,16806298.50222911,5554314.357518418,11251984.144710692,979320.9561243777,660328.4007832622,793349.843675991,1724544.8211999335,65267.69865347574,1474448.6799050407,0,2375374.793434918,3179348.950933693
2024-09-09,16298944.11,15508213.124153998,5532349.642423799,9975863.481730198,899744.1952306636,614712.0693194309,690623.2791068674,1222556.155372274,71859.39071065464,1444756.6388266373,0,2252176.3134663533,2779435.439697317
2024-09-16,15436090.75,14857190.337910695,5582127.697424997,9275062.640485698,781399.7159223744,627858.3118420223,500285.98349792307,1267815.4252468543,76840.78674908826,1689438.7460785832,0,1999366.163566052,2332057.507582801
2024-09-23,13477335.079999998,15623798.517492592,5690222.162033901,9933576.355458692,608592.2874788244,623228.114080848,397801.7061273966,1979302.2929737293,75814.24427278768,1651436.6865559218,0,1591519.7155717218,3005881.3083974626
2024-09-30,15520031.870000001,15684648.449783087,5840749.177585438,9843899.272197649,565636.0503892617,623342.2399199315,386474.39984343934,2233951.301548124,71065.40760766818,2369211.337904824,0,1365654.1347461725,2228564.4002382285
2024-10-07,15230911.13,16582051.295403998,5955519.276823662,10626532.018580336,673713.8804216167,633913.396591501,472998.0434073865,1827960.486315318,66556.20338854294,2396906.547521303,0,1549312.0099471994,3005171.4509874703
2024-10-14,16100712.69,16566730.994105304,6138790.6855788715,10427940.308526432,859278.779437796,582872.3128208192,558055.7016179226,1412365.966053604,61376.011662528384,2723329.1076875757,0,1894177.1612571655,2336485.2679890203
2024-10-21,16463241.410000002,17572513.358941793,6312949.546772335,11259563.812169459,970334.6735919302,604555.4773105251,543904.4490978163,1330352.7973004547,56833.08983431673,3209813.0132917506,0,1768864.4329347273,2774905.878807938
2024-10-28,15797833.85,17285250.494973697,6463194.293021508,10822056.20195219,992284.7883028303,621127.6269887055,822483.6526967582,1347368.4891725346,60184.88099110791,2989584.636788171,0,2308637.4465417247,1680384.6804703595
2024-11-04,16177782.36,17225298.824879523,6565952.805478677,10659346.019400846,1078501.249072456,682128.5494691954,955743.3169323034,1188303.1976433666,68911.60765058897,1935820.6344017999,0,2425045.806190475,2324891.6580406595
2024-11-11,17480790.15,20945425.506137058,8518528.881010227,12426896.625126831,1064749.73181441,705481.9483624565,974518.4336522797,2203105.9424328706,86379.68421698711,2883118.7208539327,0,2440843.8830753663,2068698.2807185296
2024-11-18,32458260.990000002,28215434.17098835,12561712.565113075,15653721.605875276,995024.6086882591,696206.1238290169,868251.9385896326,1979875.0983828406,102186.53674419355,3390745.5270810225,0,2466536.598083036,5154895.174477276
2024-11-25,38858990.25,27740646.028380465,12534623.696639437,15206022.331741028,1080398.0101213725,733762.7288284887,928032.6350061876,1750269.495113402,101531.00158038603,3401183.786374261,0,2467838.5443522832,4743006.130364645
2024-12-02,17630872.57,18240268.192816973,6448901.098512389,11791367.094304584,1010525.001375352,729226.5613674474,816620.5061533598,2054150.4144406351,107079.15789272622,1857694.3419916006,0,2501584.9784251573,2714486.1326583046
2024-12-09,28904519.39,26727858.750087075,11475854.084251363,15252004.665835712,1014075.8176143168,697240.6398323098,675316.7270091722,1638859.879161274,115326.11757145653,4570556.680603388,0,2442916.949505577,4097711.854538219
2024-12-16,28000167.949999996,24566250.975017674,10489081.97809608,14077168.996921595,843271.808055683,679583.5012935604,562722.9246819254,1372532.3545757937,118540.08881610983,4219940.345991621,0,2223480.3937284695,4057097.579778434
2024-12-23,12389241.01,15174250.709262652,3915275.3637309503,11258975.345531702,821294.7838144897,670304.0940495082,516587.1061358133,1483150.6994793583,112548.6286058392,3053741.761781922,0,1925516.154480583,2675832.117184188
2024-12-30,17842781.2,16344408.340899775,5578804.41960947,10765603.921290305,687010.5354096317,675841.5285965331,438454.2769962355,1570340.1644771588,106343.86553813446,2968027.6702221804,0,1564090.5867593666,2755495.2932910644
2025-01-06,13478315.12,17043992.200757332,7665110.656380277,9378881.544377055,621376.9325953192,656121.3896040189,452439.0881648348,1410790.5664976374,94221.0061036534,2145855.6131988806,0,1304782.9262514815,2693294.021961231
2025-01-13,13415057.780000001,15511057.335084418,5799776.029783029,9711281.305301389,800513.8147122833,617845.2202067147,467322.39006131666,1620880.8596141967,79388.04289001733,1580093.728390825,0,1392297.2369313603,3152940.012494675
2025-01-20,17352748.31,15957603.929804776,5787421.310862394,10170182.618942382,876934.9221408056,630660.3750656344,446042.05920784164,2108955.125510155,70990.44099017518,1877973.2510531005,0,1619382.649952328,2539243.7950223414
2025-01-27,13710922.049999999,15881601.08462671,5843759.791372765,10037841.293253945,970919.2669054471,645968.1630787243,467839.45561915624,1788729.8423409455,67975.07030414893,1475531.449859984,0,2063490.4511748138,2557387.5939707253
2025-02-03,18352001.849999998,18774152.806463547,7779276.285248263,10994876.521215284,1007078.7913252064,665170.1308355185,541252.8356670324,1343788.0988414637,72960.34435657533,2371802.710880675,0,2242729.6610212876,2750093.948287525
2025-02-10,18068710.61,20811986.83943422,7739722.360199772,13072264.47923445,980684.9268750233,642026.7915126935,718923.5170939311,1869074.1878622423,82945.88569252125,3283090.0839376072,0,2347036.1178163765,3148482.968444052
2025-02-17,18161642.35,19265922.444716245,8125769.930693522,11140152.514022723,915955.5857574457,660636.0199756492,803957.5249257414,1714683.3928901616,85912.72414749845,2309253.589759293,0,2142580.370459172,2507173.306107762
2025-02-24,18250010.450000003,16148062.638454176,8419574.881875418,7728487.756578759,700890.7960213008,668994.9617338025,899874.8348535267,1657169.2220886797,87121.78786563702,1858109.9047154156,0,1856166.151855326,160.09744507051892
2025-03-03,18378095.71,17147322.40113378,7213839.919144742,9933482.481989037,499098.83425585565,626687.4240865186,971261.5938324347,2016096.8890459621,80291.33128588967,1642636.2418326216,0,1407508.0685495383,2689902.099100217
2025-03-10,17340003.28,16540370.987098668,7718972.765005155,8821398.222093513,411533.3245758592,594881.9107748283,971014.6360733426,2041248.7012362808,68516.07949204321,1447521.1550131852,0,1019209.8484971446,2267472.5664308285
2025-03-17,18799065.85,19206548.755185504,10059677.624835651,9146871.130349852,507509.03757367935,547117.294893879,695579.0288158101,1884702.3057104994,56810.70861973344,1295074.0286423825,0,921703.184852632,3238375.5412412365
2025-03-24,18303486.720000003,18397740.66208809,8824762.587605998,9572978.07448209,741685.4583817847,570080.8639249437,698813.2900772914,1615961.8675166466,47657.63234305619,1644291.8080587625,0,1419762.2310092815,2834724.923170325
2025-03-31,18390798.59,18829614.65749542,9382676.93770766,9446937.71978776,883066.2643257185,592480.7874100821,643425.4670678776,1676734.111822743,46896.87060922166,1701266.9397748972,0,1876599.4079729535,2026467.8708042654
2025-04-07,27932281.74,26363907.55449421,9869837.056376876,16494070.498117333,944350.723279333,602103.8727169087,650159.3984702628,2193708.392643586,54287.34256591254,4617341.006452254,0,2304114.6706826976,5128005.091306379
2025-04-14,34301790.17,29381960.49396818,13311987.799318973,16069972.694649208,1002680.0410878978,650692.2184368534,598439.8540629089,1997488.3595676278,67904.652294041,4472418.83739408,0,2391741.9544752184,4888606.777330582
2025-04-21,31073717.92,31375098.441621754,13892674.254118424,17482424.18750333,1054226.4897663442,704870.3387373529,697950.3080143515,1951253.7327799872,70903.49158040079,5546736.46227181,0,2314954.8338365336,5141528.53051655
2025-04-28,31772281.87,29751857.051512428,13219290.56172016,16532566.489792267,970924.717326093,718930.4882755103,773527.9206321012,2051854.6718279258,82449.27437438298,5503756.89747074,0,2380409.9391149417,4050712.580770574
2025-05-05,28492258.400000002,27868575.773152363,11255301.265665527,16613274.507486835,928780.340255091,701642.0991057006,884874.5986198721,2164942.844551325,89032.13780707105,4819859.883408065,0,2315156.752682526,4708985.851057186
2025-05-12,30624991.779999997,29020400.992059518,12982549.992160508,16037850.99989901,952210.8760111808,708804.3058419653,784268.6619391387,1623145.1585936234,90665.64939067062,5250874.508045079,0,2080560.571451219,4547321.268626133
2025-05-19,28138769.5,27928470.52169343,11338753.788776001,16589716.73291743,967906.4288336439,722312.434272365,876340.2398806569,1947976.3771947685,89444.93831776465,4508523.618324189,0,2424767.855882175,5052444.840211866
2025-05-26,33243615.1,31781053.9522609,14401939.888535988,17379114.063724913,997505.9539720577,732592.4904856717,943072.6255595896,1955299.9918728597,94665.13222806067,4425568.424463362,0,2528234.8072546744,5702174.6378886355
2025-06-02,27831289.7,28451230.94904701,11046535.116311397,17404695.832735613,1029082.8595473404,703663.7714899358,866827.4631580266,2222311.121986945,97009.85895862836,4870602.3277921425,0,2493226.1754066306,5121972.254395964
2025-06-09,30671262.17,27317286.350206394,11221964.002116814,16095322.34808958,880333.3165169057,673970.457973297,684428.9887933691,1466315.4351550408,100287.1525725044,4927230.914331955,0,2320778.266236086,5041977.816510423
2025-06-16,29132185.28,25980764.53207712,10251654.279265301,15729110.252811817,772161.8977086333,651637.2674350417,529295.6004862018,1941314.0750897946,99855.44962661428,4268087.829285257,0,1943007.8066916205,5523750.326488655
2025-06-23,28664100.450000003,24710875.584834807,9741628.788528481,14969246.796306325,524174.91553802066,601117.7348808268,487638.9770474264,2178586.404573023,93488.14116981873,4467362.323599371,0,1485914.693201894,5130963.606295945
2025-06-30,22614844.9,22156210.522380494,9184473.96448466,12971736.557895834,343076.19672088604,583259.4109752773,476769.69953361776,1791082.9183528537,76331.5443695879,3055406.836253093,0,870403.0241787545,5775406.927511763
