municipality,treated,week_index,week_start,is_post,week_rel,revenue_pc
Albertslund,FALSE,1,2024-08-26,FALSE,-12,3.5762344277470763
Alleroed,FALSE,1,2024-08-26,FALSE,-12,3.4219980686484583
Ballerup,FALSE,1,2024-08-26,FALSE,-12,3.1382677653566877
Bornholm,FALSE,1,2024-08-26,FALSE,-12,3.548986272937675
Broendby,TRUE,1,2024-08-26,FALSE,-12,3.166665434932415
Dragoer,TRUE,1,2024-08-26,FALSE,-12,3.2348282457766673
Egedal,FALSE,1,2024-08-26,FALSE,-12,3.5474648328488843
Fredensborg,FALSE,1,2024-08-26,FALSE,-12,3.4821597442927046
Frederiksberg,FALSE,1,2024-08-26,FALSE,-12,3.1638461035800547
Frederikssund,TRUE,1,2024-08-26,FALSE,-12,3.2891269979865827
Furesoe,FALSE,1,2024-08-26,FALSE,-12,3.4806924003042954
Gentofte,TRUE,1,2024-08-26,FALSE,-12,3.433803218794247
Gladsaxe,FALSE,1,2024-08-26,FALSE,-12,3.306079167629637
Glostrup,TRUE,1,2024-08-26,FALSE,-12,3.2957381298135884
Gribskov,TRUE,1,2024-08-26,FALSE,-12,3.2978337933416166
Halsnaes,FALSE,1,2024-08-26,FALSE,-12,3.4299101536201015
Helsingoer,TRUE,1,2024-08-26,FALSE,-12,3.7420467565908053
Herlev,FALSE,1,2024-08-26,FALSE,-12,3.178142666875486
Hilleroed,FALSE,1,2024-08-26,FALSE,-12,3.958818611207404
Hvidovre,FALSE,1,2024-08-26,FALSE,-12,3.719551406173292
Hoeje-Taastrup,FALSE,1,2024-08-26,FALSE,-12,3.4264675814827625
Hoersholm,FALSE,1,2024-08-26,FALSE,-12,3.5734138869322076
Ishoej,FALSE,1,2024-08-26,FALSE,-12,3.2718094196325187
Koebenhavn,TRUE,1,2024-08-26,FALSE,-12,3.352970893477311
Lyngby-Taarbaek,TRUE,1,2024-08-26,FALSE,-12,3.4640505358341662
Rudersdal,TRUE,1,2024-08-26,FALSE,-12,3.1230400237555673
Roedovre,TRUE,1,2024-08-26,FALSE,-12,3.3512220114279097
Taarnby,TRUE,1,2024-08-26,FALSE,-12,3.7152010277899494
Vallensbaek,FALSE,1,2024-08-26,FALSE,-12,3.655389328763115
Faxe,FALSE,1,2024-08-26,FALSE,-12,3.5228636197422403
Greve,TRUE,1,2024-08-26,FALSE,-12,3.3915224914541255
Guldborgsund,TRUE,1,2024-08-26,FALSE,-12,3.7909064124864176
Holbaek,TRUE,1,2024-08-26,FALSE,-12,3.7026877514046164
Kalundborg,TRUE,1,2024-08-26,FALSE,-12,3.14880404932218
Koege,TRUE,1,2024-08-26,FALSE,-12,3.5454328451952035
Lejre,FALSE,1,2024-08-26,FALSE,-12,3.465216774528754
Lolland,TRUE,1,2024-08-26,FALSE,-12,3.45669440492432
Naestved,TRUE,1,2024-08-26,FALSE,-12,3.404724166015782
Odsherred,FALSE,1,2024-08-26,FALSE,-12,3.3800819343646964
Ringsted,FALSE,1,2024-08-26,FALSE,-12,3.3388158389776614
Roskilde,TRUE,1,2024-08-26,FALSE,-12,3.459643734711253
Slagelse,TRUE,1,2024-08-26,FALSE,-12,3.3731282460291747
Solroed,TRUE,1,2024-08-26,FALSE,-12,3.5121705089742896
Soroe,FALSE,1,2024-08-26,FALSE,-12,3.634645154058983
Stevns,TRUE,1,2024-08-26,FALSE,-12,3.84032958862422
Vordingborg,FALSE,1,2024-08-26,FALSE,-12,3.339363493126641
Assens,FALSE,1,2024-08-26,FALSE,-12,3.3503668254601133
Billund,FALSE,1,2024-08-26,FALSE,-12,3.3621377986682246
Esbjerg,FALSE,1,2024-08-26,FALSE,-12,3.867201473090547
Fanoe,FALSE,1,2024-08-26,FALSE,-12,3.326953163443214
Fredericia,FALSE,1,2024-08-26,FALSE,-12,2.9833215966999713
Faaborg-Midtfyn,FALSE,1,2024-08-26,FALSE,-12,3.5475644973033695
Haderslev,FALSE,1,2024-08-26,FALSE,-12,3.066885667266992
Kerteminde,TRUE,1,2024-08-26,FALSE,-12,3.208967929179261
Kolding,FALSE,1,2024-08-26,FALSE,-12,3.7300700978555947
Langeland,TRUE,1,2024-08-26,FALSE,-12,3.598016410871767
Middelfart,TRUE,1,2024-08-26,FALSE,-12,3.507213194984676
Nordfyns,TRUE,1,2024-08-26,FALSE,-12,3.069399644286014
Nyborg,FALSE,1,2024-08-26,FALSE,-12,3.379913385104111
Odense,TRUE,1,2024-08-26,FALSE,-12,3.073565018127567
Svendborg,TRUE,1,2024-08-26,FALSE,-12,3.6664170994326177
Soenderborg,TRUE,1,2024-08-26,FALSE,-12,3.3507089619552968
Toender,TRUE,1,2024-08-26,FALSE,-12,3.0225099038297962
Varde,TRUE,1,2024-08-26,FALSE,-12,3.5441936624030155
Vejen,TRUE,1,2024-08-26,FALSE,-12,3.6442087258168927
Vejle,TRUE,1,2024-08-26,FALSE,-12,3.3041749938498994
Aeroe,TRUE,1,2024-08-26,FALSE,-12,3.4083610824293693
Aabenraa,TRUE,1,2024-08-26,FALSE,-12,3.4447463776911387
Favrskov,FALSE,1,2024-08-26,FALSE,-12,3.3809339749127183
Hedensted,TRUE,1,2024-08-26,FALSE,-12,3.6100224974801574
Herning,FALSE,1,2024-08-26,FALSE,-12,3.486053850952265
Holstebro,TRUE,1,2024-08-26,FALSE,-12,3.207284704819945
Horsens,FALSE,1,2024-08-26,FALSE,-12,3.2363990341524556
Ikast-Brande,FALSE,1,2024-08-26,FALSE,-12,3.4859748864756512
Lemvig,TRUE,1,2024-08-26,FALSE,-12,3.4404810202330296
Norddjurs,FALSE,1,2024-08-26,FALSE,-12,3.341918374585046
Odder,FALSE,1,2024-08-26,FALSE,-12,3.3863524869360075
Randers,FALSE,1,2024-08-26,FALSE,-12,3.3325389160603516
Ringkoebing-Skjern,FALSE,1,2024-08-26,FALSE,-12,3.1563519922382466
Samsoe,FALSE,1,2024-08-26,FALSE,-12,3.5877890662478333
Silkeborg,TRUE,1,2024-08-26,FALSE,-12,3.5576394868968872
Skanderborg,FALSE,1,2024-08-26,FALSE,-12,3.4006571918604225
Skive,FALSE,1,2024-08-26,FALSE,-12,2.847696487530547
Struer,TRUE,1,2024-08-26,FALSE,-12,3.2918228164754604
Syddjurs,FALSE,1,2024-08-26,FALSE,-12,3.479985913768352
Viborg,TRUE,1,2024-08-26,FALSE,-12,3.5257194557760516
Aarhus,TRUE,1,2024-08-26,FALSE,-12,3.2918663305944063
Broenderslev,FALSE,1,2024-08-26,FALSE,-12,3.300235634358193
Frederikshavn,TRUE,1,2024-08-26,FALSE,-12,3.4426014868049437
Hjoerring,FALSE,1,2024-08-26,FALSE,-12,3.554447756677564
Jammerbugt,TRUE,1,2024-08-26,FALSE,-12,3.6885665774004135
Laesoe,FALSE,1,2024-08-26,FALSE,-12,3.763593580922805
Mariagerfjord,FALSE,1,2024-08-26,FALSE,-12,3.3247877618329356
Morsoe,TRUE,1,2024-08-26,FALSE,-12,3.4046185808393847
Rebild,TRUE,1,2024-08-26,FALSE,-12,3.3367878533727633
Thisted,FALSE,1,2024-08-26,FALSE,-12,3.365595772955678
Vesthimmerland,TRUE,1,2024-08-26,FALSE,-12,3.264577745206833
Aalborg,TRUE,1,2024-08-26,FALSE,-12,3.409058575568268
Albertslund,FALSE,2,2024-09-02,FALSE,-11,3.480606966069023
Alleroed,FALSE,2,2024-09-02,FALSE,-11,3.365112317457001
Ballerup,FALSE,2,2024-09-02,FALSE,-11,3.027040585760483
Bornholm,FALSE,2,2024-09-02,FALSE,-11,3.3247234668584498
Broendby,TRUE,2,2024-09-02,FALSE,-11,3.093754327054577
Dragoer,TRUE,2,2024-09-02,FALSE,-11,3.0697307174487936
Egedal,FALSE,2,2024-09-02,FALSE,-11,3.547083840397132
Fredensborg,FALSE,2,2024-09-02,FALSE,-11,3.3334464691684573
Frederiksberg,FALSE,2,2024-09-02,FALSE,-11,3.2168916885162315
Frederikssund,TRUE,2,2024-09-02,FALSE,-11,3.2630114546705467
Furesoe,FALSE,2,2024-09-02,FALSE,-11,3.4647867460005455
Gentofte,TRUE,2,2024-09-02,FALSE,-11,3.358787301710526
Gladsaxe,FALSE,2,2024-09-02,FALSE,-11,3.249007393646672
Glostrup,TRUE,2,2024-09-02,FALSE,-11,3.2897630744935227
Gribskov,TRUE,2,2024-09-02,FALSE,-11,3.296678171708305
Halsnaes,FALSE,2,2024-09-02,FALSE,-11,3.346088363743578
Helsingoer,TRUE,2,2024-09-02,FALSE,-11,3.598976584895756
Herlev,FALSE,2,2024-09-02,FALSE,-11,3.2428333206810933
Hilleroed,FALSE,2,2024-09-02,FALSE,-11,3.882539394934458
Hvidovre,FALSE,2,2024-09-02,FALSE,-11,3.6075351845242896
Hoeje-Taastrup,FALSE,2,2024-09-02,FALSE,-11,3.389224383722678
Hoersholm,FALSE,2,2024-09-02,FALSE,-11,3.452081020248229
Ishoej,FALSE,2,2024-09-02,FALSE,-11,3.1514925302954673
Koebenhavn,TRUE,2,2024-09-02,FALSE,-11,3.2572332450753194
Lyngby-Taarbaek,TRUE,2,2024-09-02,FALSE,-11,3.370472049246738
Rudersdal,TRUE,2,2024-09-02,FALSE,-11,3.0600030883222082
Roedovre,TRUE,2,2024-09-02,FALSE,-11,3.2266758342684847
Taarnby,TRUE,2,2024-09-02,FALSE,-11,3.5602424292240253
Vallensbaek,FALSE,2,2024-09-02,FALSE,-11,3.5476079485959837
Faxe,FALSE,2,2024-09-02,FALSE,-11,3.4009945072364225
Greve,TRUE,2,2024-09-02,FALSE,-11,3.39494009540391
Guldborgsund,TRUE,2,2024-09-02,FALSE,-11,3.717734132170441
Holbaek,TRUE,2,2024-09-02,FALSE,-11,3.5946125072824904
Kalundborg,TRUE,2,2024-09-02,FALSE,-11,3.1992761673640246
Koege,TRUE,2,2024-09-02,FALSE,-11,3.3845600681433665
Lejre,FALSE,2,2024-09-02,FALSE,-11,3.530652296559322
Lolland,TRUE,2,2024-09-02,FALSE,-11,3.395918893405625
Naestved,TRUE,2,2024-09-02,FALSE,-11,3.412487777134477
Odsherred,FALSE,2,2024-09-02,FALSE,-11,3.420327499858752
Ringsted,FALSE,2,2024-09-02,FALSE,-11,3.2541243302245872
Roskilde,TRUE,2,2024-09-02,FALSE,-11,3.3675100779393783
Slagelse,TRUE,2,2024-09-02,FALSE,-11,3.426317192101794
Solroed,TRUE,2,2024-09-02,FALSE,-11,3.375279123844333
Soroe,FALSE,2,2024-09-02,FALSE,-11,3.596239954989114
Stevns,TRUE,2,2024-09-02,FALSE,-11,3.8300158342465087
Vordingborg,FALSE,2,2024-09-02,FALSE,-11,3.212743929591237
Assens,FALSE,2,2024-09-02,FALSE,-11,3.3229643778503006
Billund,FALSE,2,2024-09-02,FALSE,-11,3.3137205499833535
Esbjerg,FALSE,2,2024-09-02,FALSE,-11,3.7004825831148103
Fanoe,FALSE,2,2024-09-02,FALSE,-11,3.172421365477827
Fredericia,FALSE,2,2024-09-02,FALSE,-11,2.9499658752165767
Faaborg-Midtfyn,FALSE,2,2024-09-02,FALSE,-11,3.394014997038585
Haderslev,FALSE,2,2024-09-02,FALSE,-11,3.1067716771944096
Kerteminde,TRUE,2,2024-09-02,FALSE,-11,3.1157960282343877
Kolding,FALSE,2,2024-09-02,FALSE,-11,3.699719830456379
Langeland,TRUE,2,2024-09-02,FALSE,-11,3.530197427440927
Middelfart,TRUE,2,2024-09-02,FALSE,-11,3.455980223908124
Nordfyns,TRUE,2,2024-09-02,FALSE,-11,3.034538500252979
Nyborg,FALSE,2,2024-09-02,FALSE,-11,3.232404510455329
Odense,TRUE,2,2024-09-02,FALSE,-11,3.0761439068499907
Svendborg,TRUE,2,2024-09-02,FALSE,-11,3.6269734441897175
Soenderborg,TRUE,2,2024-09-02,FALSE,-11,3.2969752596148183
Toender,TRUE,2,2024-09-02,FALSE,-11,2.995946863810432
Varde,TRUE,2,2024-09-02,FALSE,-11,3.5650196671841834
Vejen,TRUE,2,2024-09-02,FALSE,-11,3.5943531389679935
Vejle,TRUE,2,2024-09-02,FALSE,-11,3.215947932607398
Aeroe,TRUE,2,2024-09-02,FALSE,-11,3.3466091009937635
Aabenraa,TRUE,2,2024-09-02,FALSE,-11,3.4387588658733743
Favrskov,FALSE,2,2024-09-02,FALSE,-11,3.306302650305551
Hedensted,TRUE,2,2024-09-02,FALSE,-11,3.640653632702859
Herning,FALSE,2,2024-09-02,FALSE,-11,3.3982536704711914
Holstebro,TRUE,2,2024-09-02,FALSE,-11,3.193591542677809
Horsens,FALSE,2,2024-09-02,FALSE,-11,3.171094953221509
Ikast-Brande,FALSE,2,2024-09-02,FALSE,-11,3.336653411148354
Lemvig,TRUE,2,2024-09-02,FALSE,-11,3.5585296739140255
Norddjurs,FALSE,2,2024-09-02,FALSE,-11,3.3040546250961715
Odder,FALSE,2,2024-09-02,FALSE,-11,3.2287719948395224
Randers,FALSE,2,2024-09-02,FALSE,-11,3.295231083839793
Ringkoebing-Skjern,FALSE,2,2024-09-02,FALSE,-11,3.1552404021562093
Samsoe,FALSE,2,2024-09-02,FALSE,-11,3.4610897605398847
Silkeborg,TRUE,2,2024-09-02,FALSE,-11,3.440623491462237
Skanderborg,FALSE,2,2024-09-02,FALSE,-11,3.3618674698954716
Skive,FALSE,2,2024-09-02,FALSE,-11,2.808323429354089
Struer,TRUE,2,2024-09-02,FALSE,-11,3.2150193871906305
Syddjurs,FALSE,2,2024-09-02,FALSE,-11,3.5152334347475684
Viborg,TRUE,2,2024-09-02,FALSE,-11,3.5060917093170425
Aarhus,TRUE,2,2024-09-02,FALSE,-11,3.2722314010872924
Broenderslev,FALSE,2,2024-09-02,FALSE,-11,3.2555216278485735
Frederikshavn,TRUE,2,2024-09-02,FALSE,-11,3.365112686769234
Hjoerring,FALSE,2,2024-09-02,FALSE,-11,3.3246809293749844
Jammerbugt,TRUE,2,2024-09-02,FALSE,-11,3.625586846544316
Laesoe,FALSE,2,2024-09-02,FALSE,-11,3.6284591802319834
Mariagerfjord,FALSE,2,2024-09-02,FALSE,-11,3.208728860029266
Morsoe,TRUE,2,2024-09-02,FALSE,-11,3.400886518647344
Rebild,TRUE,2,2024-09-02,FALSE,-11,3.1702305402063673
Thisted,FALSE,2,2024-09-02,FALSE,-11,3.275362804489175
Vesthimmerland,TRUE,2,2024-09-02,FALSE,-11,3.1443982568295157
Aalborg,TRUE,2,2024-09-02,FALSE,-11,3.317415600904677
Albertslund,FALSE,3,2024-09-09,FALSE,-10,3.2729583392246515
Alleroed,FALSE,3,2024-09-09,FALSE,-10,3.1458103345472623
Ballerup,FALSE,3,2024-09-09,FALSE,-10,2.8054506257096263
Bornholm,FALSE,3,2024-09-09,FALSE,-10,3.0866260266517775
Broendby,TRUE,3,2024-09-09,FALSE,-10,2.8432174687496996
Dragoer,TRUE,3,2024-09-09,FALSE,-10,2.9399722930008054
Egedal,FALSE,3,2024-09-09,FALSE,-10,3.258144282271357
Fredensborg,FALSE,3,2024-09-09,FALSE,-10,3.1469436837501044
Frederiksberg,FALSE,3,2024-09-09,FALSE,-10,2.858177063456432
Frederikssund,TRUE,3,2024-09-09,FALSE,-10,2.931645876606657
Furesoe,FALSE,3,2024-09-09,FALSE,-10,3.161341678378152
Gentofte,TRUE,3,2024-09-09,FALSE,-10,3.0791482625362034
Gladsaxe,FALSE,3,2024-09-09,FALSE,-10,2.9928215799703355
Glostrup,TRUE,3,2024-09-09,FALSE,-10,3.0137499793181877
Gribskov,TRUE,3,2024-09-09,FALSE,-10,3.0399170604023387
Halsnaes,FALSE,3,2024-09-09,FALSE,-10,3.0838335050383647
Helsingoer,TRUE,3,2024-09-09,FALSE,-10,3.346046425158624
Herlev,FALSE,3,2024-09-09,FALSE,-10,2.9393411122399073
Hilleroed,FALSE,3,2024-09-09,FALSE,-10,3.5843125862034966
Hvidovre,FALSE,3,2024-09-09,FALSE,-10,3.3560368468643413
Hoeje-Taastrup,FALSE,3,2024-09-09,FALSE,-10,3.1399492598825716
Hoersholm,FALSE,3,2024-09-09,FALSE,-10,3.176300460771745
Ishoej,FALSE,3,2024-09-09,FALSE,-10,2.8664095299164583
Koebenhavn,TRUE,3,2024-09-09,FALSE,-10,3.1455873082202186
Lyngby-Taarbaek,TRUE,3,2024-09-09,FALSE,-10,3.060284626471083
Rudersdal,TRUE,3,2024-09-09,FALSE,-10,2.8003143230584877
Roedovre,TRUE,3,2024-09-09,FALSE,-10,3.1057489731589007
Taarnby,TRUE,3,2024-09-09,FALSE,-10,3.316017892246485
Vallensbaek,FALSE,3,2024-09-09,FALSE,-10,3.3295495122368868
Faxe,FALSE,3,2024-09-09,FALSE,-10,3.0926739626045006
Greve,TRUE,3,2024-09-09,FALSE,-10,3.0686449482267593
Guldborgsund,TRUE,3,2024-09-09,FALSE,-10,3.383381287595812
Holbaek,TRUE,3,2024-09-09,FALSE,-10,3.3246809964986537
Kalundborg,TRUE,3,2024-09-09,FALSE,-10,2.9509221102827805
Koege,TRUE,3,2024-09-09,FALSE,-10,3.13874141805124
Lejre,FALSE,3,2024-09-09,FALSE,-10,3.215101012644923
Lolland,TRUE,3,2024-09-09,FALSE,-10,3.1587201322270464
Naestved,TRUE,3,2024-09-09,FALSE,-10,3.1769168959967513
Odsherred,FALSE,3,2024-09-09,FALSE,-10,3.09364222952378
Ringsted,FALSE,3,2024-09-09,FALSE,-10,3.0898966036044526
Roskilde,TRUE,3,2024-09-09,FALSE,-10,3.1253423415651054
Slagelse,TRUE,3,2024-09-09,FALSE,-10,3.1234937043424087
Solroed,TRUE,3,2024-09-09,FALSE,-10,3.1608375193610874
Soroe,FALSE,3,2024-09-09,FALSE,-10,3.19221387077133
Stevns,TRUE,3,2024-09-09,FALSE,-10,3.535297993958034
Vordingborg,FALSE,3,2024-09-09,FALSE,-10,3.022475369361306
Assens,FALSE,3,2024-09-09,FALSE,-10,3.064003709823694
Billund,FALSE,3,2024-09-09,FALSE,-10,3.1097240512610007
Esbjerg,FALSE,3,2024-09-09,FALSE,-10,3.443508301618141
Fanoe,FALSE,3,2024-09-09,FALSE,-10,2.943984633440481
Fredericia,FALSE,3,2024-09-09,FALSE,-10,2.7860779579181547
Faaborg-Midtfyn,FALSE,3,2024-09-09,FALSE,-10,3.1878493647788164
Haderslev,FALSE,3,2024-09-09,FALSE,-10,2.85148131162497
Kerteminde,TRUE,3,2024-09-09,FALSE,-10,2.960301130760423
Kolding,FALSE,3,2024-09-09,FALSE,-10,3.355800174719524
Langeland,TRUE,3,2024-09-09,FALSE,-10,3.32179842305624
Middelfart,TRUE,3,2024-09-09,FALSE,-10,3.2059208991229564
Nordfyns,TRUE,3,2024-09-09,FALSE,-10,2.753081323828307
Nyborg,FALSE,3,2024-09-09,FALSE,-10,3.0761052590908937
Odense,TRUE,3,2024-09-09,FALSE,-10,2.7951507678646337
Svendborg,TRUE,3,2024-09-09,FALSE,-10,3.3114702554198834
Soenderborg,TRUE,3,2024-09-09,FALSE,-10,2.961339561941036
Toender,TRUE,3,2024-09-09,FALSE,-10,2.7248063729011265
Varde,TRUE,3,2024-09-09,FALSE,-10,3.1754389782052796
Vejen,TRUE,3,2024-09-09,FALSE,-10,3.366608049543295
Vejle,TRUE,3,2024-09-09,FALSE,-10,2.937279725184389
Aeroe,TRUE,3,2024-09-09,FALSE,-10,3.1164346812991
Aabenraa,TRUE,3,2024-09-09,FALSE,-10,3.120096519187478
Favrskov,FALSE,3,2024-09-09,FALSE,-10,2.970273680189366
Hedensted,TRUE,3,2024-09-09,FALSE,-10,3.3336629913784055
Herning,FALSE,3,2024-09-09,FALSE,-10,3.1267871738308686
Holstebro,TRUE,3,2024-09-09,FALSE,-10,2.960862659195911
Horsens,FALSE,3,2024-09-09,FALSE,-10,2.989241999994907
Ikast-Brande,FALSE,3,2024-09-09,FALSE,-10,3.1135642083748998
Lemvig,TRUE,3,2024-09-09,FALSE,-10,3.2280663223790755
Norddjurs,FALSE,3,2024-09-09,FALSE,-10,3.058751855140349
Odder,FALSE,3,2024-09-09,FALSE,-10,3.052178715008239
Randers,FALSE,3,2024-09-09,FALSE,-10,3.071628703110225
Ringkoebing-Skjern,FALSE,3,2024-09-09,FALSE,-10,2.8880934005476218
Samsoe,FALSE,3,2024-09-09,FALSE,-10,3.360456432113168
Silkeborg,TRUE,3,2024-09-09,FALSE,-10,3.0762609353770083
Skanderborg,FALSE,3,2024-09-09,FALSE,-10,3.18826342564736
Skive,FALSE,3,2024-09-09,FALSE,-10,2.6571857822162315
Struer,TRUE,3,2024-09-09,FALSE,-10,2.9727712128756756
Syddjurs,FALSE,3,2024-09-09,FALSE,-10,3.231609492809084
Viborg,TRUE,3,2024-09-09,FALSE,-10,3.250215651639791
Aarhus,TRUE,3,2024-09-09,FALSE,-10,3.0899583715281627
Broenderslev,FALSE,3,2024-09-09,FALSE,-10,3.0154632450145287
Frederikshavn,TRUE,3,2024-09-09,FALSE,-10,3.1456010702539436
Hjoerring,FALSE,3,2024-09-09,FALSE,-10,3.1325042504256806
Jammerbugt,TRUE,3,2024-09-09,FALSE,-10,3.3740198097296235
Laesoe,FALSE,3,2024-09-09,FALSE,-10,3.3371793177700013
Mariagerfjord,FALSE,3,2024-09-09,FALSE,-10,2.975298603147259
Morsoe,TRUE,3,2024-09-09,FALSE,-10,3.2249521308519262
Rebild,TRUE,3,2024-09-09,FALSE,-10,3.0128531557228944
Thisted,FALSE,3,2024-09-09,FALSE,-10,3.134001636465064
Vesthimmerland,TRUE,3,2024-09-09,FALSE,-10,2.7844431240811245
Aalborg,TRUE,3,2024-09-09,FALSE,-10,3.1110244260340494
Albertslund,FALSE,4,2024-09-16,FALSE,-9,3.088979741226327
Alleroed,FALSE,4,2024-09-16,FALSE,-9,3.0027954778989154
Ballerup,FALSE,4,2024-09-16,FALSE,-9,2.604470960531691
Bornholm,FALSE,4,2024-09-16,FALSE,-9,2.894293172565493
Broendby,TRUE,4,2024-09-16,FALSE,-9,2.7835789639389574
Dragoer,TRUE,4,2024-09-16,FALSE,-9,2.7752407320433705
Egedal,FALSE,4,2024-09-16,FALSE,-9,3.1402140532691893
Fredensborg,FALSE,4,2024-09-16,FALSE,-9,2.9451721647640077
Frederiksberg,FALSE,4,2024-09-16,FALSE,-9,2.7593416061650218
Frederikssund,TRUE,4,2024-09-16,FALSE,-9,2.831510049186203
Furesoe,FALSE,4,2024-09-16,FALSE,-9,2.978395767562794
Gentofte,TRUE,4,2024-09-16,FALSE,-9,2.8173462238019957
Gladsaxe,FALSE,4,2024-09-16,FALSE,-9,2.8795969184694625
Glostrup,TRUE,4,2024-09-16,FALSE,-9,2.8349166176748795
Gribskov,TRUE,4,2024-09-16,FALSE,-9,2.9334035868529003
Halsnaes,FALSE,4,2024-09-16,FALSE,-9,2.993700021397931
Helsingoer,TRUE,4,2024-09-16,FALSE,-9,3.21033735978879
Herlev,FALSE,4,2024-09-16,FALSE,-9,2.7439094210097275
Hilleroed,FALSE,4,2024-09-16,FALSE,-9,3.3650879800053577
Hvidovre,FALSE,4,2024-09-16,FALSE,-9,3.191985652194065
Hoeje-Taastrup,FALSE,4,2024-09-16,FALSE,-9,2.955105038324186
Hoersholm,FALSE,4,2024-09-16,FALSE,-9,3.0356130108470647
Ishoej,FALSE,4,2024-09-16,FALSE,-9,2.7534507420652026
Koebenhavn,TRUE,4,2024-09-16,FALSE,-9,2.845125625612794
Lyngby-Taarbaek,TRUE,4,2024-09-16,FALSE,-9,2.8744642373735547
Rudersdal,TRUE,4,2024-09-16,FALSE,-9,2.631004178784663
Roedovre,TRUE,4,2024-09-16,FALSE,-9,2.9582305523647374
Taarnby,TRUE,4,2024-09-16,FALSE,-9,3.176107807733627
Vallensbaek,FALSE,4,2024-09-16,FALSE,-9,3.1708627381909578
Faxe,FALSE,4,2024-09-16,FALSE,-9,2.966328912134035
Greve,TRUE,4,2024-09-16,FALSE,-9,3.032500364038782
Guldborgsund,TRUE,4,2024-09-16,FALSE,-9,3.198417052933139
Holbaek,TRUE,4,2024-09-16,FALSE,-9,3.2775258859091
Kalundborg,TRUE,4,2024-09-16,FALSE,-9,2.805228108480174
Koege,TRUE,4,2024-09-16,FALSE,-9,3.007885503967366
Lejre,FALSE,4,2024-09-16,FALSE,-9,3.143098965062141
Lolland,TRUE,4,2024-09-16,FALSE,-9,2.9688039657515235
Naestved,TRUE,4,2024-09-16,FALSE,-9,2.8748595955103613
Odsherred,FALSE,4,2024-09-16,FALSE,-9,2.9387983610117177
Ringsted,FALSE,4,2024-09-16,FALSE,-9,2.8061365845169353
Roskilde,TRUE,4,2024-09-16,FALSE,-9,2.84550978035012
Slagelse,TRUE,4,2024-09-16,FALSE,-9,2.8451377092447423
Solroed,TRUE,4,2024-09-16,FALSE,-9,2.9606278990857624
Soroe,FALSE,4,2024-09-16,FALSE,-9,3.1679245445385207
Stevns,TRUE,4,2024-09-16,FALSE,-9,3.3615064208119185
Vordingborg,FALSE,4,2024-09-16,FALSE,-9,2.904828462377212
Assens,FALSE,4,2024-09-16,FALSE,-9,2.8660031811089377
Billund,FALSE,4,2024-09-16,FALSE,-9,2.8971137268728997
Esbjerg,FALSE,4,2024-09-16,FALSE,-9,3.2486195026739484
Fanoe,FALSE,4,2024-09-16,FALSE,-9,2.881566364616874
Fredericia,FALSE,4,2024-09-16,FALSE,-9,2.56798018831979
Faaborg-Midtfyn,FALSE,4,2024-09-16,FALSE,-9,3.032663872125515
Haderslev,FALSE,4,2024-09-16,FALSE,-9,2.699371574444642
Kerteminde,TRUE,4,2024-09-16,FALSE,-9,2.7536135424600476
Kolding,FALSE,4,2024-09-16,FALSE,-9,3.2651657657189044
Langeland,TRUE,4,2024-09-16,FALSE,-9,3.1223493716706536
Middelfart,TRUE,4,2024-09-16,FALSE,-9,2.9392496742089707
Nordfyns,TRUE,4,2024-09-16,FALSE,-9,2.626862729795403
Nyborg,FALSE,4,2024-09-16,FALSE,-9,2.853671887082477
Odense,TRUE,4,2024-09-16,FALSE,-9,2.7135886294008893
Svendborg,TRUE,4,2024-09-16,FALSE,-9,3.1088567478440203
Soenderborg,TRUE,4,2024-09-16,FALSE,-9,2.8594477519989328
Toender,TRUE,4,2024-09-16,FALSE,-9,2.629732598158928
Varde,TRUE,4,2024-09-16,FALSE,-9,2.9458806869209857
Vejen,TRUE,4,2024-09-16,FALSE,-9,3.139469618129433
Vejle,TRUE,4,2024-09-16,FALSE,-9,2.855159362632338
Aeroe,TRUE,4,2024-09-16,FALSE,-9,2.897233650654208
Aabenraa,TRUE,4,2024-09-16,FALSE,-9,2.9836570931781163
Favrskov,FALSE,4,2024-09-16,FALSE,-9,2.899192480354498
Hedensted,TRUE,4,2024-09-16,FALSE,-9,3.171405527746055
Herning,FALSE,4,2024-09-16,FALSE,-9,3.0124929751725853
Holstebro,TRUE,4,2024-09-16,FALSE,-9,2.734033412043892
Horsens,FALSE,4,2024-09-16,FALSE,-9,2.793006736402723
Ikast-Brande,FALSE,4,2024-09-16,FALSE,-9,2.974461326925842
Lemvig,TRUE,4,2024-09-16,FALSE,-9,3.0263468299857954
Norddjurs,FALSE,4,2024-09-16,FALSE,-9,2.9083463103591196
Odder,FALSE,4,2024-09-16,FALSE,-9,2.8081705391467504
Randers,FALSE,4,2024-09-16,FALSE,-9,2.8365637446372007
Ringkoebing-Skjern,FALSE,4,2024-09-16,FALSE,-9,2.7224415543561427
Samsoe,FALSE,4,2024-09-16,FALSE,-9,3.1285302692668453
Silkeborg,TRUE,4,2024-09-16,FALSE,-9,2.958351608705407
Skanderborg,FALSE,4,2024-09-16,FALSE,-9,2.9877009151004486
Skive,FALSE,4,2024-09-16,FALSE,-9,2.5491808712236272
Struer,TRUE,4,2024-09-16,FALSE,-9,2.7187632265687434
Syddjurs,FALSE,4,2024-09-16,FALSE,-9,3.026751335117807
Viborg,TRUE,4,2024-09-16,FALSE,-9,3.058351607195098
Aarhus,TRUE,4,2024-09-16,FALSE,-9,2.840248511563607
Broenderslev,FALSE,4,2024-09-16,FALSE,-9,2.897100971706729
Frederikshavn,TRUE,4,2024-09-16,FALSE,-9,3.0436602956390075
Hjoerring,FALSE,4,2024-09-16,FALSE,-9,3.003619261724193
Jammerbugt,TRUE,4,2024-09-16,FALSE,-9,3.1053157741375257
Laesoe,FALSE,4,2024-09-16,FALSE,-9,3.172127970205722
Mariagerfjord,FALSE,4,2024-09-16,FALSE,-9,2.818468657295985
Morsoe,TRUE,4,2024-09-16,FALSE,-9,3.017197020499408
Rebild,TRUE,4,2024-09-16,FALSE,-9,2.8620057371059344
Thisted,FALSE,4,2024-09-16,FALSE,-9,2.9525581700542443
Vesthimmerland,TRUE,4,2024-09-16,FALSE,-9,2.7511486299904173
Aalborg,TRUE,4,2024-09-16,FALSE,-9,2.9128391913292457
Albertslund,FALSE,5,2024-09-23,FALSE,-8,3.0385408871395403
Alleroed,FALSE,5,2024-09-23,FALSE,-8,2.9814265034420697
Ballerup,FALSE,5,2024-09-23,FALSE,-8,2.714345674772555
Bornholm,FALSE,5,2024-09-23,FALSE,-8,2.9150672701339557
Broendby,TRUE,5,2024-09-23,FALSE,-8,2.8116459675071814
Dragoer,TRUE,5,2024-09-23,FALSE,-8,2.811186100973299
Egedal,FALSE,5,2024-09-23,FALSE,-8,3.1078152349826653
Fredensborg,FALSE,5,2024-09-23,FALSE,-8,2.9173096235017604
Frederiksberg,FALSE,5,2024-09-23,FALSE,-8,2.7769646785996653
Frederikssund,TRUE,5,2024-09-23,FALSE,-8,2.911113824164071
Furesoe,FALSE,5,2024-09-23,FALSE,-8,3.10906732314276
Gentofte,TRUE,5,2024-09-23,FALSE,-8,2.912358147532692
Gladsaxe,FALSE,5,2024-09-23,FALSE,-8,2.858878072747075
Glostrup,TRUE,5,2024-09-23,FALSE,-8,2.932345781843944
Gribskov,TRUE,5,2024-09-23,FALSE,-8,2.9131723790822965
Halsnaes,FALSE,5,2024-09-23,FALSE,-8,2.9689258025610923
Helsingoer,TRUE,5,2024-09-23,FALSE,-8,3.180894904393566
Herlev,FALSE,5,2024-09-23,FALSE,-8,2.7956954997092276
Hilleroed,FALSE,5,2024-09-23,FALSE,-8,3.457028379795861
Hvidovre,FALSE,5,2024-09-23,FALSE,-8,3.1647676629407466
Hoeje-Taastrup,FALSE,5,2024-09-23,FALSE,-8,2.987635768450998
Hoersholm,FALSE,5,2024-09-23,FALSE,-8,3.103568578522314
Ishoej,FALSE,5,2024-09-23,FALSE,-8,2.7996313111385858
Koebenhavn,TRUE,5,2024-09-23,FALSE,-8,2.8945119992381483
Lyngby-Taarbaek,TRUE,5,2024-09-23,FALSE,-8,2.9811650534437963
Rudersdal,TRUE,5,2024-09-23,FALSE,-8,2.7557983062372475
Roedovre,TRUE,5,2024-09-23,FALSE,-8,2.89373912660865
Taarnby,TRUE,5,2024-09-23,FALSE,-8,3.0888959090784422
Vallensbaek,FALSE,5,2024-09-23,FALSE,-8,3.268629196552784
Faxe,FALSE,5,2024-09-23,FALSE,-8,3.0402197509361994
Greve,TRUE,5,2024-09-23,FALSE,-8,2.9433661075528352
Guldborgsund,TRUE,5,2024-09-23,FALSE,-8,3.221740290457017
Holbaek,TRUE,5,2024-09-23,FALSE,-8,3.2096186025313083
Kalundborg,TRUE,5,2024-09-23,FALSE,-8,2.7839249131879806
Koege,TRUE,5,2024-09-23,FALSE,-8,2.9904436151140543
Lejre,FALSE,5,2024-09-23,FALSE,-8,3.1625658880692655
Lolland,TRUE,5,2024-09-23,FALSE,-8,3.001393122950743
Naestved,TRUE,5,2024-09-23,FALSE,-8,2.960831839042494
Odsherred,FALSE,5,2024-09-23,FALSE,-8,2.91396428374641
Ringsted,FALSE,5,2024-09-23,FALSE,-8,2.9284792855543116
Roskilde,TRUE,5,2024-09-23,FALSE,-8,2.9620743696126284
Slagelse,TRUE,5,2024-09-23,FALSE,-8,2.9376082725263974
Solroed,TRUE,5,2024-09-23,FALSE,-8,2.966083710337749
Soroe,FALSE,5,2024-09-23,FALSE,-8,3.075746640102232
Stevns,TRUE,5,2024-09-23,FALSE,-8,3.363279184194901
Vordingborg,FALSE,5,2024-09-23,FALSE,-8,2.9364901394317013
Assens,FALSE,5,2024-09-23,FALSE,-8,2.9232000596673866
Billund,FALSE,5,2024-09-23,FALSE,-8,2.856983802411721
Esbjerg,FALSE,5,2024-09-23,FALSE,-8,3.313234875134777
Fanoe,FALSE,5,2024-09-23,FALSE,-8,2.7863130771550693
Fredericia,FALSE,5,2024-09-23,FALSE,-8,2.6094397105076297
Faaborg-Midtfyn,FALSE,5,2024-09-23,FALSE,-8,3.1048097354457216
Haderslev,FALSE,5,2024-09-23,FALSE,-8,2.643110639896666
Kerteminde,TRUE,5,2024-09-23,FALSE,-8,2.790158266646708
Kolding,FALSE,5,2024-09-23,FALSE,-8,3.191469482385708
Langeland,TRUE,5,2024-09-23,FALSE,-8,3.148988946552457
Middelfart,TRUE,5,2024-09-23,FALSE,-8,3.080365260890886
Nordfyns,TRUE,5,2024-09-23,FALSE,-8,2.6879820906990077
Nyborg,FALSE,5,2024-09-23,FALSE,-8,2.860119906472248
Odense,TRUE,5,2024-09-23,FALSE,-8,2.8050962556104486
Svendborg,TRUE,5,2024-09-23,FALSE,-8,3.134730674365828
Soenderborg,TRUE,5,2024-09-23,FALSE,-8,2.9179243694185573
Toender,TRUE,5,2024-09-23,FALSE,-8,2.6604314262402236
Varde,TRUE,5,2024-09-23,FALSE,-8,3.107441618928163
Vejen,TRUE,5,2024-09-23,FALSE,-8,3.178450743072089
Vejle,TRUE,5,2024-09-23,FALSE,-8,2.8823090619987486
Aeroe,TRUE,5,2024-09-23,FALSE,-8,2.9108489201639567
Aabenraa,TRUE,5,2024-09-23,FALSE,-8,2.9419005159122857
Favrskov,FALSE,5,2024-09-23,FALSE,-8,2.8770573363264336
Hedensted,TRUE,5,2024-09-23,FALSE,-8,3.1206725381803464
Herning,FALSE,5,2024-09-23,FALSE,-8,2.9887784807679414
Holstebro,TRUE,5,2024-09-23,FALSE,-8,2.876838861435722
Horsens,FALSE,5,2024-09-23,FALSE,-8,2.8477149445446135
Ikast-Brande,FALSE,5,2024-09-23,FALSE,-8,2.929792334445385
Lemvig,TRUE,5,2024-09-23,FALSE,-8,3.047130280640807
Norddjurs,FALSE,5,2024-09-23,FALSE,-8,2.8070559964736783
Odder,FALSE,5,2024-09-23,FALSE,-8,2.8367184479947447
Randers,FALSE,5,2024-09-23,FALSE,-8,2.951211727545108
Ringkoebing-Skjern,FALSE,5,2024-09-23,FALSE,-8,2.7462008651471406
Samsoe,FALSE,5,2024-09-23,FALSE,-8,3.133609303890624
Silkeborg,TRUE,5,2024-09-23,FALSE,-8,3.0214842882346327
Skanderborg,FALSE,5,2024-09-23,FALSE,-8,2.9872852377906547
Skive,FALSE,5,2024-09-23,FALSE,-8,2.543280016288324
Struer,TRUE,5,2024-09-23,FALSE,-8,2.8592323073660384
Syddjurs,FALSE,5,2024-09-23,FALSE,-8,3.0769093147396815
Viborg,TRUE,5,2024-09-23,FALSE,-8,3.052007807100453
Aarhus,TRUE,5,2024-09-23,FALSE,-8,2.8900122819109892
Broenderslev,FALSE,5,2024-09-23,FALSE,-8,2.9837094660836687
Frederikshavn,TRUE,5,2024-09-23,FALSE,-8,3.077471572786576
Hjoerring,FALSE,5,2024-09-23,FALSE,-8,2.981582283557814
Jammerbugt,TRUE,5,2024-09-23,FALSE,-8,3.178200433131161
Laesoe,FALSE,5,2024-09-23,FALSE,-8,3.2325532671128796
Mariagerfjord,FALSE,5,2024-09-23,FALSE,-8,2.8129857159797154
Morsoe,TRUE,5,2024-09-23,FALSE,-8,3.0482120403006365
Rebild,TRUE,5,2024-09-23,FALSE,-8,2.8695276826507436
Thisted,FALSE,5,2024-09-23,FALSE,-8,2.90404271470777
Vesthimmerland,TRUE,5,2024-09-23,FALSE,-8,2.7142722124956102
Aalborg,TRUE,5,2024-09-23,FALSE,-8,2.862656807756499
Albertslund,FALSE,6,2024-09-30,FALSE,-7,3.1335963177219752
Alleroed,FALSE,6,2024-09-30,FALSE,-7,2.9891767796812436
Ballerup,FALSE,6,2024-09-30,FALSE,-7,2.7570508798356763
Bornholm,FALSE,6,2024-09-30,FALSE,-7,2.940499663526641
Broendby,TRUE,6,2024-09-30,FALSE,-7,2.8608059337227547
Dragoer,TRUE,6,2024-09-30,FALSE,-7,2.7807673571074507
Egedal,FALSE,6,2024-09-30,FALSE,-7,3.1243174826839253
Fredensborg,FALSE,6,2024-09-30,FALSE,-7,2.9492980828361333
Frederiksberg,FALSE,6,2024-09-30,FALSE,-7,2.8278503572290474
Frederikssund,TRUE,6,2024-09-30,FALSE,-7,2.802499151365179
Furesoe,FALSE,6,2024-09-30,FALSE,-7,3.0388186171835643
Gentofte,TRUE,6,2024-09-30,FALSE,-7,2.906800632289875
Gladsaxe,FALSE,6,2024-09-30,FALSE,-7,2.893690174483264
Glostrup,TRUE,6,2024-09-30,FALSE,-7,2.881787848685003
Gribskov,TRUE,6,2024-09-30,FALSE,-7,2.843089491876921
Halsnaes,FALSE,6,2024-09-30,FALSE,-7,3.0271937519614758
Helsingoer,TRUE,6,2024-09-30,FALSE,-7,3.214216445633951
Herlev,FALSE,6,2024-09-30,FALSE,-7,2.7333299774436988
Hilleroed,FALSE,6,2024-09-30,FALSE,-7,3.4701453256865618
Hvidovre,FALSE,6,2024-09-30,FALSE,-7,3.1135333329866755
Hoeje-Taastrup,FALSE,6,2024-09-30,FALSE,-7,2.9960560405032806
Hoersholm,FALSE,6,2024-09-30,FALSE,-7,3.1571550448640813
Ishoej,FALSE,6,2024-09-30,FALSE,-7,2.9088176107397783
Koebenhavn,TRUE,6,2024-09-30,FALSE,-7,2.9403239630224127
Lyngby-Taarbaek,TRUE,6,2024-09-30,FALSE,-7,2.996699710955663
Rudersdal,TRUE,6,2024-09-30,FALSE,-7,2.6157646305721287
Roedovre,TRUE,6,2024-09-30,FALSE,-7,2.9416841110594727
Taarnby,TRUE,6,2024-09-30,FALSE,-7,3.195776628329386
Vallensbaek,FALSE,6,2024-09-30,FALSE,-7,3.2708395494708964
Faxe,FALSE,6,2024-09-30,FALSE,-7,3.015842269448124
Greve,TRUE,6,2024-09-30,FALSE,-7,2.9697156725940865
Guldborgsund,TRUE,6,2024-09-30,FALSE,-7,3.2463048869097944
Holbaek,TRUE,6,2024-09-30,FALSE,-7,3.133923701484406
Kalundborg,TRUE,6,2024-09-30,FALSE,-7,2.7297848829027855
Koege,TRUE,6,2024-09-30,FALSE,-7,2.982807048523973
Lejre,FALSE,6,2024-09-30,FALSE,-7,3.1021236032262522
Lolland,TRUE,6,2024-09-30,FALSE,-7,3.026921385423046
Naestved,TRUE,6,2024-09-30,FALSE,-7,2.958266636147636
Odsherred,FALSE,6,2024-09-30,FALSE,-7,2.9462073759723433
Ringsted,FALSE,6,2024-09-30,FALSE,-7,2.989814436673042
Roskilde,TRUE,6,2024-09-30,FALSE,-7,2.976839492009276
Slagelse,TRUE,6,2024-09-30,FALSE,-7,2.8863371654647283
Solroed,TRUE,6,2024-09-30,FALSE,-7,2.942148321984404
Soroe,FALSE,6,2024-09-30,FALSE,-7,3.152036090376224
Stevns,TRUE,6,2024-09-30,FALSE,-7,3.4572131834553557
Vordingborg,FALSE,6,2024-09-30,FALSE,-7,2.8701449143198605
Assens,FALSE,6,2024-09-30,FALSE,-7,2.9314608839581293
Billund,FALSE,6,2024-09-30,FALSE,-7,2.9504056909056846
Esbjerg,FALSE,6,2024-09-30,FALSE,-7,3.253156761915271
Fanoe,FALSE,6,2024-09-30,FALSE,-7,2.8463409027145126
Fredericia,FALSE,6,2024-09-30,FALSE,-7,2.6111057120153753
Faaborg-Midtfyn,FALSE,6,2024-09-30,FALSE,-7,3.0668758710506476
Haderslev,FALSE,6,2024-09-30,FALSE,-7,2.6249052262810397
Kerteminde,TRUE,6,2024-09-30,FALSE,-7,2.8385720752325905
Kolding,FALSE,6,2024-09-30,FALSE,-7,3.1597837000562827
Langeland,TRUE,6,2024-09-30,FALSE,-7,3.1075122845789958
Middelfart,TRUE,6,2024-09-30,FALSE,-7,2.9924265276900814
Nordfyns,TRUE,6,2024-09-30,FALSE,-7,2.634246741829536
Nyborg,FALSE,6,2024-09-30,FALSE,-7,2.9198815176780872
Odense,TRUE,6,2024-09-30,FALSE,-7,2.7300549842446213
Svendborg,TRUE,6,2024-09-30,FALSE,-7,3.085592664104379
Soenderborg,TRUE,6,2024-09-30,FALSE,-7,2.839400842840922
Toender,TRUE,6,2024-09-30,FALSE,-7,2.5919969380561296
Varde,TRUE,6,2024-09-30,FALSE,-7,3.084642364756809
Vejen,TRUE,6,2024-09-30,FALSE,-7,3.207711073990658
Vejle,TRUE,6,2024-09-30,FALSE,-7,2.94062935034589
Aeroe,TRUE,6,2024-09-30,FALSE,-7,2.913161830622049
Aabenraa,TRUE,6,2024-09-30,FALSE,-7,2.972552419375326
Favrskov,FALSE,6,2024-09-30,FALSE,-7,2.8363126684970728
Hedensted,TRUE,6,2024-09-30,FALSE,-7,3.111905594884798
Herning,FALSE,6,2024-09-30,FALSE,-7,3.0263572145999884
Holstebro,TRUE,6,2024-09-30,FALSE,-7,2.6871409868336764
Horsens,FALSE,6,2024-09-30,FALSE,-7,2.779685273608916
Ikast-Brande,FALSE,6,2024-09-30,FALSE,-7,3.0255848989539205
Lemvig,TRUE,6,2024-09-30,FALSE,-7,3.0626211071798894
Norddjurs,FALSE,6,2024-09-30,FALSE,-7,2.871561810457354
Odder,FALSE,6,2024-09-30,FALSE,-7,2.8252763538648873
Randers,FALSE,6,2024-09-30,FALSE,-7,2.9408041535339637
Ringkoebing-Skjern,FALSE,6,2024-09-30,FALSE,-7,2.718166084096539
Samsoe,FALSE,6,2024-09-30,FALSE,-7,3.0982559095227957
Silkeborg,TRUE,6,2024-09-30,FALSE,-7,3.003809525714504
Skanderborg,FALSE,6,2024-09-30,FALSE,-7,3.023636177855092
Skive,FALSE,6,2024-09-30,FALSE,-7,2.550417678993993
Struer,TRUE,6,2024-09-30,FALSE,-7,2.77276986002165
Syddjurs,FALSE,6,2024-09-30,FALSE,-7,3.017308168739836
Viborg,TRUE,6,2024-09-30,FALSE,-7,3.0741011458697423
Aarhus,TRUE,6,2024-09-30,FALSE,-7,2.846931890726878
Broenderslev,FALSE,6,2024-09-30,FALSE,-7,2.95208100313842
Frederikshavn,TRUE,6,2024-09-30,FALSE,-7,3.01216858370253
Hjoerring,FALSE,6,2024-09-30,FALSE,-7,3.0997581322480503
Jammerbugt,TRUE,6,2024-09-30,FALSE,-7,3.145181987055868
Laesoe,FALSE,6,2024-09-30,FALSE,-7,3.2387384242806103
Mariagerfjord,FALSE,6,2024-09-30,FALSE,-7,2.8128492554545765
Morsoe,TRUE,6,2024-09-30,FALSE,-7,2.982984214628671
Rebild,TRUE,6,2024-09-30,FALSE,-7,2.815325280106792
Thisted,FALSE,6,2024-09-30,FALSE,-7,2.978142531480829
Vesthimmerland,TRUE,6,2024-09-30,FALSE,-7,2.7897619457679723
Aalborg,TRUE,6,2024-09-30,FALSE,-7,2.922553230600256
Albertslund,FALSE,7,2024-10-07,FALSE,-6,2.9583342540538284
Alleroed,FALSE,7,2024-10-07,FALSE,-6,2.948592111726811
Ballerup,FALSE,7,2024-10-07,FALSE,-6,2.6072208247772366
Bornholm,FALSE,7,2024-10-07,FALSE,-6,2.8963974611817562
Broendby,TRUE,7,2024-10-07,FALSE,-6,2.7509647805778727
Dragoer,TRUE,7,2024-10-07,FALSE,-6,2.6425347589896937
Egedal,FALSE,7,2024-10-07,FALSE,-6,3.0798983081287683
Fredensborg,FALSE,7,2024-10-07,FALSE,-6,2.917531623978313
Frederiksberg,FALSE,7,2024-10-07,FALSE,-6,2.7381423470934116
Frederikssund,TRUE,7,2024-10-07,FALSE,-6,2.7579319670665536
Furesoe,FALSE,7,2024-10-07,FALSE,-6,2.889184191321841
Gentofte,TRUE,7,2024-10-07,FALSE,-6,2.8462096165532063
Gladsaxe,FALSE,7,2024-10-07,FALSE,-6,2.8089446942854415
Glostrup,TRUE,7,2024-10-07,FALSE,-6,2.7714275287809373
Gribskov,TRUE,7,2024-10-07,FALSE,-6,2.93676026796764
Halsnaes,FALSE,7,2024-10-07,FALSE,-6,2.91430078754556
Helsingoer,TRUE,7,2024-10-07,FALSE,-6,3.124981094895587
Herlev,FALSE,7,2024-10-07,FALSE,-6,2.747757754908482
Hilleroed,FALSE,7,2024-10-07,FALSE,-6,3.4324187148333247
Hvidovre,FALSE,7,2024-10-07,FALSE,-6,3.064882931963483
Hoeje-Taastrup,FALSE,7,2024-10-07,FALSE,-6,3.0083830421531714
Hoersholm,FALSE,7,2024-10-07,FALSE,-6,3.0060733573145604
Ishoej,FALSE,7,2024-10-07,FALSE,-6,2.797131122432525
Koebenhavn,TRUE,7,2024-10-07,FALSE,-6,2.806388540633972
Lyngby-Taarbaek,TRUE,7,2024-10-07,FALSE,-6,2.9550447147506818
Rudersdal,TRUE,7,2024-10-07,FALSE,-6,2.5636388650845117
Roedovre,TRUE,7,2024-10-07,FALSE,-6,2.784651015026039
Taarnby,TRUE,7,2024-10-07,FALSE,-6,3.169615673681229
Vallensbaek,FALSE,7,2024-10-07,FALSE,-6,3.192405921530325
Faxe,FALSE,7,2024-10-07,FALSE,-6,2.9572574790249004
Greve,TRUE,7,2024-10-07,FALSE,-6,2.8665329968644664
Guldborgsund,TRUE,7,2024-10-07,FALSE,-6,3.1441627992683183
Holbaek,TRUE,7,2024-10-07,FALSE,-6,3.0938857640637445
Kalundborg,TRUE,7,2024-10-07,FALSE,-6,2.7194901805725227
Koege,TRUE,7,2024-10-07,FALSE,-6,2.962829966881959
Lejre,FALSE,7,2024-10-07,FALSE,-6,3.003630491654341
Lolland,TRUE,7,2024-10-07,FALSE,-6,2.9798464833070986
Naestved,TRUE,7,2024-10-07,FALSE,-6,2.929341021356474
Odsherred,FALSE,7,2024-10-07,FALSE,-6,2.9281894292313795
Ringsted,FALSE,7,2024-10-07,FALSE,-6,2.919277658543474
Roskilde,TRUE,7,2024-10-07,FALSE,-6,2.858218514786494
Slagelse,TRUE,7,2024-10-07,FALSE,-6,2.9191571302112447
Solroed,TRUE,7,2024-10-07,FALSE,-6,2.9206982709000218
Soroe,FALSE,7,2024-10-07,FALSE,-6,3.0690281109249833
Stevns,TRUE,7,2024-10-07,FALSE,-6,3.310124150140612
Vordingborg,FALSE,7,2024-10-07,FALSE,-6,2.87083253015192
Assens,FALSE,7,2024-10-07,FALSE,-6,2.9467023250520117
Billund,FALSE,7,2024-10-07,FALSE,-6,2.9195720086308534
Esbjerg,FALSE,7,2024-10-07,FALSE,-6,3.2136776205613193
Fanoe,FALSE,7,2024-10-07,FALSE,-6,2.8071163450995487
Fredericia,FALSE,7,2024-10-07,FALSE,-6,2.5465738929767894
Faaborg-Midtfyn,FALSE,7,2024-10-07,FALSE,-6,2.9508291597603664
Haderslev,FALSE,7,2024-10-07,FALSE,-6,2.6392200786486426
Kerteminde,TRUE,7,2024-10-07,FALSE,-6,2.671865881754805
Kolding,FALSE,7,2024-10-07,FALSE,-6,3.1932124910509985
Langeland,TRUE,7,2024-10-07,FALSE,-6,3.0481347209598577
Middelfart,TRUE,7,2024-10-07,FALSE,-6,2.956914105664021
Nordfyns,TRUE,7,2024-10-07,FALSE,-6,2.566908969584858
Nyborg,FALSE,7,2024-10-07,FALSE,-6,2.8554469338561064
Odense,TRUE,7,2024-10-07,FALSE,-6,2.67058502476743
Svendborg,TRUE,7,2024-10-07,FALSE,-6,3.0606157713022664
Soenderborg,TRUE,7,2024-10-07,FALSE,-6,2.9097632924980763
Toender,TRUE,7,2024-10-07,FALSE,-6,2.551765857458053
Varde,TRUE,7,2024-10-07,FALSE,-6,3.0115589045132496
Vejen,TRUE,7,2024-10-07,FALSE,-6,3.1464042461809214
Vejle,TRUE,7,2024-10-07,FALSE,-6,2.726025028664879
Aeroe,TRUE,7,2024-10-07,FALSE,-6,2.8745604802870837
Aabenraa,TRUE,7,2024-10-07,FALSE,-6,2.889290430621591
Favrskov,FALSE,7,2024-10-07,FALSE,-6,2.9029389881068774
Hedensted,TRUE,7,2024-10-07,FALSE,-6,3.1748710662311224
Herning,FALSE,7,2024-10-07,FALSE,-6,2.9132706188252557
Holstebro,TRUE,7,2024-10-07,FALSE,-6,2.8188649597476516
Horsens,FALSE,7,2024-10-07,FALSE,-6,2.7184789036024917
Ikast-Brande,FALSE,7,2024-10-07,FALSE,-6,2.9317349561534214
Lemvig,TRUE,7,2024-10-07,FALSE,-6,2.998862114276878
Norddjurs,FALSE,7,2024-10-07,FALSE,-6,2.804177483915366
Odder,FALSE,7,2024-10-07,FALSE,-6,2.8194633805255616
Randers,FALSE,7,2024-10-07,FALSE,-6,2.8576850817243455
Ringkoebing-Skjern,FALSE,7,2024-10-07,FALSE,-6,2.7268901027202554
Samsoe,FALSE,7,2024-10-07,FALSE,-6,3.049802840512092
Silkeborg,TRUE,7,2024-10-07,FALSE,-6,2.9878800398201
Skanderborg,FALSE,7,2024-10-07,FALSE,-6,3.03105867869391
Skive,FALSE,7,2024-10-07,FALSE,-6,2.437401440033624
Struer,TRUE,7,2024-10-07,FALSE,-6,2.786248922758654
Syddjurs,FALSE,7,2024-10-07,FALSE,-6,3.0249779178980276
Viborg,TRUE,7,2024-10-07,FALSE,-6,2.951868914147505
Aarhus,TRUE,7,2024-10-07,FALSE,-6,2.826171880496656
Broenderslev,FALSE,7,2024-10-07,FALSE,-6,2.8060523063459275
Frederikshavn,TRUE,7,2024-10-07,FALSE,-6,2.9982498191115674
Hjoerring,FALSE,7,2024-10-07,FALSE,-6,2.9937963120463595
Jammerbugt,TRUE,7,2024-10-07,FALSE,-6,3.067200092135318
Laesoe,FALSE,7,2024-10-07,FALSE,-6,3.0818420292720976
Mariagerfjord,FALSE,7,2024-10-07,FALSE,-6,2.8414621335045425
Morsoe,TRUE,7,2024-10-07,FALSE,-6,2.9511602808600763
Rebild,TRUE,7,2024-10-07,FALSE,-6,2.8127797788306186
Thisted,FALSE,7,2024-10-07,FALSE,-6,2.94053571278108
Vesthimmerland,TRUE,7,2024-10-07,FALSE,-6,2.6975201508205506
Aalborg,TRUE,7,2024-10-07,FALSE,-6,2.8804835437594414
Albertslund,FALSE,8,2024-10-14,FALSE,-5,3.172316720941435
Alleroed,FALSE,8,2024-10-14,FALSE,-5,3.075601087308934
Ballerup,FALSE,8,2024-10-14,FALSE,-5,2.863521146917348
Bornholm,FALSE,8,2024-10-14,FALSE,-5,2.999065847708559
Broendby,TRUE,8,2024-10-14,FALSE,-5,2.94428019534503
Dragoer,TRUE,8,2024-10-14,FALSE,-5,2.9424995143662502
Egedal,FALSE,8,2024-10-14,FALSE,-5,3.2960855134744396
Fredensborg,FALSE,8,2024-10-14,FALSE,-5,3.02524760428186
Frederiksberg,FALSE,8,2024-10-14,FALSE,-5,2.8942347494878264
Frederikssund,TRUE,8,2024-10-14,FALSE,-5,3.004920715308237
Furesoe,FALSE,8,2024-10-14,FALSE,-5,3.096163744634843
Gentofte,TRUE,8,2024-10-14,FALSE,-5,3.0184601127912294
Gladsaxe,FALSE,8,2024-10-14,FALSE,-5,2.9225983337064467
Glostrup,TRUE,8,2024-10-14,FALSE,-5,2.9768380710206226
Gribskov,TRUE,8,2024-10-14,FALSE,-5,3.1105922275946782
Halsnaes,FALSE,8,2024-10-14,FALSE,-5,3.0830353582795986
Helsingoer,TRUE,8,2024-10-14,FALSE,-5,3.349421688194247
Herlev,FALSE,8,2024-10-14,FALSE,-5,2.9766466850819295
Hilleroed,FALSE,8,2024-10-14,FALSE,-5,3.5598885776833575
Hvidovre,FALSE,8,2024-10-14,FALSE,-5,3.3243251216902254
Hoeje-Taastrup,FALSE,8,2024-10-14,FALSE,-5,3.065640554163229
Hoersholm,FALSE,8,2024-10-14,FALSE,-5,3.174585494577559
Ishoej,FALSE,8,2024-10-14,FALSE,-5,2.949244010804437
Koebenhavn,TRUE,8,2024-10-14,FALSE,-5,3.0124005489681114
Lyngby-Taarbaek,TRUE,8,2024-10-14,FALSE,-5,3.086532085295812
Rudersdal,TRUE,8,2024-10-14,FALSE,-5,2.762777190555156
Roedovre,TRUE,8,2024-10-14,FALSE,-5,2.989703712538303
Taarnby,TRUE,8,2024-10-14,FALSE,-5,3.282027391739187
Vallensbaek,FALSE,8,2024-10-14,FALSE,-5,3.3884711628103843
Faxe,FALSE,8,2024-10-14,FALSE,-5,3.165589655726481
Greve,TRUE,8,2024-10-14,FALSE,-5,3.0381584476272376
Guldborgsund,TRUE,8,2024-10-14,FALSE,-5,3.269906797607528
Holbaek,TRUE,8,2024-10-14,FALSE,-5,3.3748253394248753
Kalundborg,TRUE,8,2024-10-14,FALSE,-5,2.8233721628033823
Koege,TRUE,8,2024-10-14,FALSE,-5,3.043113703391937
Lejre,FALSE,8,2024-10-14,FALSE,-5,3.172227046962756
Lolland,TRUE,8,2024-10-14,FALSE,-5,3.1086395803659053
Naestved,TRUE,8,2024-10-14,FALSE,-5,3.121350676467975
Odsherred,FALSE,8,2024-10-14,FALSE,-5,3.104738586407967
Ringsted,FALSE,8,2024-10-14,FALSE,-5,3.0993694130193985
Roskilde,TRUE,8,2024-10-14,FALSE,-5,3.0447575261954105
Slagelse,TRUE,8,2024-10-14,FALSE,-5,3.0344773436841295
Solroed,TRUE,8,2024-10-14,FALSE,-5,3.073652684359338
Soroe,FALSE,8,2024-10-14,FALSE,-5,3.1912251987465874
Stevns,TRUE,8,2024-10-14,FALSE,-5,3.4652129699324212
Vordingborg,FALSE,8,2024-10-14,FALSE,-5,3.0007976524514723
Assens,FALSE,8,2024-10-14,FALSE,-5,3.073266785202154
Billund,FALSE,8,2024-10-14,FALSE,-5,2.9774747751605934
Esbjerg,FALSE,8,2024-10-14,FALSE,-5,3.4241315502231546
Fanoe,FALSE,8,2024-10-14,FALSE,-5,2.9340287926070427
Fredericia,FALSE,8,2024-10-14,FALSE,-5,2.647563535470347
Faaborg-Midtfyn,FALSE,8,2024-10-14,FALSE,-5,3.12269082359039
Haderslev,FALSE,8,2024-10-14,FALSE,-5,2.7748186205863443
Kerteminde,TRUE,8,2024-10-14,FALSE,-5,2.8872717668314722
Kolding,FALSE,8,2024-10-14,FALSE,-5,3.311716740428986
Langeland,TRUE,8,2024-10-14,FALSE,-5,3.260991160422287
Middelfart,TRUE,8,2024-10-14,FALSE,-5,3.1815977246717835
Nordfyns,TRUE,8,2024-10-14,FALSE,-5,2.706776395880877
Nyborg,FALSE,8,2024-10-14,FALSE,-5,3.0919627428153516
Odense,TRUE,8,2024-10-14,FALSE,-5,2.789794363864259
Svendborg,TRUE,8,2024-10-14,FALSE,-5,3.2630020556585997
Soenderborg,TRUE,8,2024-10-14,FALSE,-5,3.076116103312122
Toender,TRUE,8,2024-10-14,FALSE,-5,2.70774221109047
Varde,TRUE,8,2024-10-14,FALSE,-5,3.2050445902300018
Vejen,TRUE,8,2024-10-14,FALSE,-5,3.364102886219658
Vejle,TRUE,8,2024-10-14,FALSE,-5,2.9712209499038607
Aeroe,TRUE,8,2024-10-14,FALSE,-5,2.983169971674336
Aabenraa,TRUE,8,2024-10-14,FALSE,-5,3.0852948816433727
Favrskov,FALSE,8,2024-10-14,FALSE,-5,3.0934297616843693
Hedensted,TRUE,8,2024-10-14,FALSE,-5,3.23035888000435
Herning,FALSE,8,2024-10-14,FALSE,-5,3.154563391252025
Holstebro,TRUE,8,2024-10-14,FALSE,-5,2.9486165270877267
Horsens,FALSE,8,2024-10-14,FALSE,-5,2.9748163622386676
Ikast-Brande,FALSE,8,2024-10-14,FALSE,-5,3.0709856360972427
Lemvig,TRUE,8,2024-10-14,FALSE,-5,3.1987160557125898
Norddjurs,FALSE,8,2024-10-14,FALSE,-5,3.0123580408898203
Odder,FALSE,8,2024-10-14,FALSE,-5,3.04358820300828
Randers,FALSE,8,2024-10-14,FALSE,-5,2.9970930149183874
Ringkoebing-Skjern,FALSE,8,2024-10-14,FALSE,-5,2.8467715675822323
Samsoe,FALSE,8,2024-10-14,FALSE,-5,3.2432260033961477
Silkeborg,TRUE,8,2024-10-14,FALSE,-5,3.139276835345597
Skanderborg,FALSE,8,2024-10-14,FALSE,-5,3.151147873642988
Skive,FALSE,8,2024-10-14,FALSE,-5,2.6382540213779317
Struer,TRUE,8,2024-10-14,FALSE,-5,2.9335915175330047
Syddjurs,FALSE,8,2024-10-14,FALSE,-5,3.0961670245129693
Viborg,TRUE,8,2024-10-14,FALSE,-5,3.1944540482551695
Aarhus,TRUE,8,2024-10-14,FALSE,-5,2.8787330245782004
Broenderslev,FALSE,8,2024-10-14,FALSE,-5,3.011378449647539
Frederikshavn,TRUE,8,2024-10-14,FALSE,-5,3.1150918395373273
Hjoerring,FALSE,8,2024-10-14,FALSE,-5,3.1716226425953473
Jammerbugt,TRUE,8,2024-10-14,FALSE,-5,3.377884397006112
Laesoe,FALSE,8,2024-10-14,FALSE,-5,3.2995644915184013
Mariagerfjord,FALSE,8,2024-10-14,FALSE,-5,3.0185580157278666
Morsoe,TRUE,8,2024-10-14,FALSE,-5,3.1490323507764315
Rebild,TRUE,8,2024-10-14,FALSE,-5,3.0149489612230966
Thisted,FALSE,8,2024-10-14,FALSE,-5,3.044006068146972
Vesthimmerland,TRUE,8,2024-10-14,FALSE,-5,2.835124442941728
Aalborg,TRUE,8,2024-10-14,FALSE,-5,3.09064743190077
Albertslund,FALSE,9,2024-10-21,FALSE,-4,3.2425651220666816
Alleroed,FALSE,9,2024-10-21,FALSE,-4,3.114861405857525
Ballerup,FALSE,9,2024-10-21,FALSE,-4,2.89637532780766
Bornholm,FALSE,9,2024-10-21,FALSE,-4,3.0768668727144743
Broendby,TRUE,9,2024-10-21,FALSE,-4,2.9496672340244605
Dragoer,TRUE,9,2024-10-21,FALSE,-4,2.9422387088261464
Egedal,FALSE,9,2024-10-21,FALSE,-4,3.265371618636768
Fredensborg,FALSE,9,2024-10-21,FALSE,-4,3.152369285586181
Frederiksberg,FALSE,9,2024-10-21,FALSE,-4,2.860198393692119
Frederikssund,TRUE,9,2024-10-21,FALSE,-4,3.0307857088288785
Furesoe,FALSE,9,2024-10-21,FALSE,-4,3.205393637981178
Gentofte,TRUE,9,2024-10-21,FALSE,-4,3.1009935556749157
Gladsaxe,FALSE,9,2024-10-21,FALSE,-4,3.002635277923168
Glostrup,TRUE,9,2024-10-21,FALSE,-4,3.0184850119161823
Gribskov,TRUE,9,2024-10-21,FALSE,-4,3.0597752197589574
Halsnaes,FALSE,9,2024-10-21,FALSE,-4,3.102707377760375
Helsingoer,TRUE,9,2024-10-21,FALSE,-4,3.425882507136571
Herlev,FALSE,9,2024-10-21,FALSE,-4,2.919826066746111
Hilleroed,FALSE,9,2024-10-21,FALSE,-4,3.641734108682467
Hvidovre,FALSE,9,2024-10-21,FALSE,-4,3.375183728579429
Hoeje-Taastrup,FALSE,9,2024-10-21,FALSE,-4,3.1303956889616424
Hoersholm,FALSE,9,2024-10-21,FALSE,-4,3.2138776104858198
Ishoej,FALSE,9,2024-10-21,FALSE,-4,2.9414177915007738
Koebenhavn,TRUE,9,2024-10-21,FALSE,-4,2.988509223905852
Lyngby-Taarbaek,TRUE,9,2024-10-21,FALSE,-4,3.1189911344743724
Rudersdal,TRUE,9,2024-10-21,FALSE,-4,2.786493925318562
Roedovre,TRUE,9,2024-10-21,FALSE,-4,3.0011657654709984
Taarnby,TRUE,9,2024-10-21,FALSE,-4,3.305545976311352
Vallensbaek,FALSE,9,2024-10-21,FALSE,-4,3.389474641727673
Faxe,FALSE,9,2024-10-21,FALSE,-4,3.124010592829345
Greve,TRUE,9,2024-10-21,FALSE,-4,3.0940507412750877
Guldborgsund,TRUE,9,2024-10-21,FALSE,-4,3.4377786821173424
Holbaek,TRUE,9,2024-10-21,FALSE,-4,3.3959165873031347
Kalundborg,TRUE,9,2024-10-21,FALSE,-4,2.9399602868143595
Koege,TRUE,9,2024-10-21,FALSE,-4,3.134243345624655
Lejre,FALSE,9,2024-10-21,FALSE,-4,3.269837557994013
Lolland,TRUE,9,2024-10-21,FALSE,-4,3.212681548573526
Naestved,TRUE,9,2024-10-21,FALSE,-4,3.2375637989661734
Odsherred,FALSE,9,2024-10-21,FALSE,-4,3.106827874400419
Ringsted,FALSE,9,2024-10-21,FALSE,-4,3.1151739273171417
Roskilde,TRUE,9,2024-10-21,FALSE,-4,3.054579937185168
Slagelse,TRUE,9,2024-10-21,FALSE,-4,3.164193713139034
Solroed,TRUE,9,2024-10-21,FALSE,-4,3.2029460634061024
Soroe,FALSE,9,2024-10-21,FALSE,-4,3.2503943027635613
Stevns,TRUE,9,2024-10-21,FALSE,-4,3.562572129564796
Vordingborg,FALSE,9,2024-10-21,FALSE,-4,3.0857752261108256
Assens,FALSE,9,2024-10-21,FALSE,-4,3.1301731120716547
Billund,FALSE,9,2024-10-21,FALSE,-4,3.0274555306018747
Esbjerg,FALSE,9,2024-10-21,FALSE,-4,3.428764776391175
Fanoe,FALSE,9,2024-10-21,FALSE,-4,3.0177898046132396
Fredericia,FALSE,9,2024-10-21,FALSE,-4,2.79102257704803
Faaborg-Midtfyn,FALSE,9,2024-10-21,FALSE,-4,3.257763217356464
Haderslev,FALSE,9,2024-10-21,FALSE,-4,2.8973051161177943
Kerteminde,TRUE,9,2024-10-21,FALSE,-4,2.915157884205413
Kolding,FALSE,9,2024-10-21,FALSE,-4,3.377874276982693
Langeland,TRUE,9,2024-10-21,FALSE,-4,3.3326867051931255
Middelfart,TRUE,9,2024-10-21,FALSE,-4,3.178441765021761
Nordfyns,TRUE,9,2024-10-21,FALSE,-4,2.8295821455845798
Nyborg,FALSE,9,2024-10-21,FALSE,-4,3.0564376700483153
Odense,TRUE,9,2024-10-21,FALSE,-4,2.9711233104769783
Svendborg,TRUE,9,2024-10-21,FALSE,-4,3.3560023782807114
Soenderborg,TRUE,9,2024-10-21,FALSE,-4,3.029500957481083
Toender,TRUE,9,2024-10-21,FALSE,-4,2.7667380328536653
Varde,TRUE,9,2024-10-21,FALSE,-4,3.231724608375928
Vejen,TRUE,9,2024-10-21,FALSE,-4,3.4522774255213884
Vejle,TRUE,9,2024-10-21,FALSE,-4,3.053635622803557
Aeroe,TRUE,9,2024-10-21,FALSE,-4,3.102983725143779
Aabenraa,TRUE,9,2024-10-21,FALSE,-4,3.162376812150818
Favrskov,FALSE,9,2024-10-21,FALSE,-4,3.0183423617074596
Hedensted,TRUE,9,2024-10-21,FALSE,-4,3.3934959630682435
Herning,FALSE,9,2024-10-21,FALSE,-4,3.206328347417614
Holstebro,TRUE,9,2024-10-21,FALSE,-4,2.9760948201125705
Horsens,FALSE,9,2024-10-21,FALSE,-4,3.0221765962200844
Ikast-Brande,FALSE,9,2024-10-21,FALSE,-4,3.0544277027892215
Lemvig,TRUE,9,2024-10-21,FALSE,-4,3.285031135459814
Norddjurs,FALSE,9,2024-10-21,FALSE,-4,3.0189314022333438
Odder,FALSE,9,2024-10-21,FALSE,-4,3.110012749991504
Randers,FALSE,9,2024-10-21,FALSE,-4,3.069153037134047
Ringkoebing-Skjern,FALSE,9,2024-10-21,FALSE,-4,2.993389800490234
Samsoe,FALSE,9,2024-10-21,FALSE,-4,3.2388623979023508
Silkeborg,TRUE,9,2024-10-21,FALSE,-4,3.2035234698358144
Skanderborg,FALSE,9,2024-10-21,FALSE,-4,3.1907129172582525
Skive,FALSE,9,2024-10-21,FALSE,-4,2.7090882567022185
Struer,TRUE,9,2024-10-21,FALSE,-4,2.949826326291654
Syddjurs,FALSE,9,2024-10-21,FALSE,-4,3.288343437398891
Viborg,TRUE,9,2024-10-21,FALSE,-4,3.2798464876704165
Aarhus,TRUE,9,2024-10-21,FALSE,-4,3.0458653035501846
Broenderslev,FALSE,9,2024-10-21,FALSE,-4,3.018443336884826
Frederikshavn,TRUE,9,2024-10-21,FALSE,-4,3.1724710439033954
Hjoerring,FALSE,9,2024-10-21,FALSE,-4,3.1096102627900417
Jammerbugt,TRUE,9,2024-10-21,FALSE,-4,3.401860292069539
Laesoe,FALSE,9,2024-10-21,FALSE,-4,3.3320469903779473
Mariagerfjord,FALSE,9,2024-10-21,FALSE,-4,3.0521129007688512
Morsoe,TRUE,9,2024-10-21,FALSE,-4,3.2096270665907825
Rebild,TRUE,9,2024-10-21,FALSE,-4,2.9479741468135603
Thisted,FALSE,9,2024-10-21,FALSE,-4,3.1465469831304254
Vesthimmerland,TRUE,9,2024-10-21,FALSE,-4,2.931296739386544
Aalborg,TRUE,9,2024-10-21,FALSE,-4,3.0710703401368407
Albertslund,FALSE,10,2024-10-28,FALSE,-3,3.1001347001848374
Alleroed,FALSE,10,2024-10-28,FALSE,-3,2.8787780953576387
Ballerup,FALSE,10,2024-10-28,FALSE,-3,2.8171577088943156
Bornholm,FALSE,10,2024-10-28,FALSE,-3,2.939327195256815
Broendby,TRUE,10,2024-10-28,FALSE,-3,2.8411841575016092
Dragoer,TRUE,10,2024-10-28,FALSE,-3,2.8577819031637137
Egedal,FALSE,10,2024-10-28,FALSE,-3,3.1662623145512185
Fredensborg,FALSE,10,2024-10-28,FALSE,-3,3.0109911803210236
Frederiksberg,FALSE,10,2024-10-28,FALSE,-3,2.737089782291251
Frederikssund,TRUE,10,2024-10-28,FALSE,-3,2.90025817215502
Furesoe,FALSE,10,2024-10-28,FALSE,-3,3.06044080347793
Gentofte,TRUE,10,2024-10-28,FALSE,-3,2.9911924611205167
Gladsaxe,FALSE,10,2024-10-28,FALSE,-3,2.9450217446449285
Glostrup,TRUE,10,2024-10-28,FALSE,-3,2.9122629301896867
Gribskov,TRUE,10,2024-10-28,FALSE,-3,3.071429017594074
Halsnaes,FALSE,10,2024-10-28,FALSE,-3,2.9422347470157786
Helsingoer,TRUE,10,2024-10-28,FALSE,-3,3.3267069016632926
Herlev,FALSE,10,2024-10-28,FALSE,-3,2.7881216862993106
Hilleroed,FALSE,10,2024-10-28,FALSE,-3,3.503596110846726
Hvidovre,FALSE,10,2024-10-28,FALSE,-3,3.086304663305186
Hoeje-Taastrup,FALSE,10,2024-10-28,FALSE,-3,3.003297562264137
Hoersholm,FALSE,10,2024-10-28,FALSE,-3,3.087535103947578
Ishoej,FALSE,10,2024-10-28,FALSE,-3,2.883478918664846
Koebenhavn,TRUE,10,2024-10-28,FALSE,-3,2.9340083265782884
Lyngby-Taarbaek,TRUE,10,2024-10-28,FALSE,-3,3.1057180231136274
Rudersdal,TRUE,10,2024-10-28,FALSE,-3,2.7145554347217367
Roedovre,TRUE,10,2024-10-28,FALSE,-3,2.9100006100013203
Taarnby,TRUE,10,2024-10-28,FALSE,-3,3.231424996355188
Vallensbaek,FALSE,10,2024-10-28,FALSE,-3,3.2688625775810256
Faxe,FALSE,10,2024-10-28,FALSE,-3,3.079783884934087
Greve,TRUE,10,2024-10-28,FALSE,-3,3.0221561890299484
Guldborgsund,TRUE,10,2024-10-28,FALSE,-3,3.230826256868099
Holbaek,TRUE,10,2024-10-28,FALSE,-3,3.2752192496772246
Kalundborg,TRUE,10,2024-10-28,FALSE,-3,2.8032143822885582
Koege,TRUE,10,2024-10-28,FALSE,-3,3.0521700283491655
Lejre,FALSE,10,2024-10-28,FALSE,-3,3.104614200406944
Lolland,TRUE,10,2024-10-28,FALSE,-3,3.017270533746951
Naestved,TRUE,10,2024-10-28,FALSE,-3,3.0283351960664238
Odsherred,FALSE,10,2024-10-28,FALSE,-3,3.0455231803279394
Ringsted,FALSE,10,2024-10-28,FALSE,-3,2.941938498360264
Roskilde,TRUE,10,2024-10-28,FALSE,-3,3.0360656053920096
Slagelse,TRUE,10,2024-10-28,FALSE,-3,2.9422876591071243
Solroed,TRUE,10,2024-10-28,FALSE,-3,3.0151442835129263
Soroe,FALSE,10,2024-10-28,FALSE,-3,3.222592591587285
Stevns,TRUE,10,2024-10-28,FALSE,-3,3.334468416652229
Vordingborg,FALSE,10,2024-10-28,FALSE,-3,2.8921122290851193
Assens,FALSE,10,2024-10-28,FALSE,-3,2.9626853385821823
Billund,FALSE,10,2024-10-28,FALSE,-3,2.9874451712106658
Esbjerg,FALSE,10,2024-10-28,FALSE,-3,3.2899511035003584
Fanoe,FALSE,10,2024-10-28,FALSE,-3,2.9863751079623917
Fredericia,FALSE,10,2024-10-28,FALSE,-3,2.6424182823336193
Faaborg-Midtfyn,FALSE,10,2024-10-28,FALSE,-3,3.074289007281593
Haderslev,FALSE,10,2024-10-28,FALSE,-3,2.762655902316092
Kerteminde,TRUE,10,2024-10-28,FALSE,-3,2.840449882015591
Kolding,FALSE,10,2024-10-28,FALSE,-3,3.2640669548201746
Langeland,TRUE,10,2024-10-28,FALSE,-3,3.1445737494170047
Middelfart,TRUE,10,2024-10-28,FALSE,-3,3.072575781663943
Nordfyns,TRUE,10,2024-10-28,FALSE,-3,2.676921197260227
Nyborg,FALSE,10,2024-10-28,FALSE,-3,2.979196052275781
Odense,TRUE,10,2024-10-28,FALSE,-3,2.789727846020237
Svendborg,TRUE,10,2024-10-28,FALSE,-3,3.182081710001967
Soenderborg,TRUE,10,2024-10-28,FALSE,-3,2.990333546407662
Toender,TRUE,10,2024-10-28,FALSE,-3,2.571260568550654
Varde,TRUE,10,2024-10-28,FALSE,-3,3.1586830209894257
Vejen,TRUE,10,2024-10-28,FALSE,-3,3.256744341287715
Vejle,TRUE,10,2024-10-28,FALSE,-3,2.935667957298021
Aeroe,TRUE,10,2024-10-28,FALSE,-3,3.005629877130792
Aabenraa,TRUE,10,2024-10-28,FALSE,-3,3.119001098064913
Favrskov,FALSE,10,2024-10-28,FALSE,-3,2.9604847194383432
Hedensted,TRUE,10,2024-10-28,FALSE,-3,3.146163125269796
Herning,FALSE,10,2024-10-28,FALSE,-3,3.0862508439106793
Holstebro,TRUE,10,2024-10-28,FALSE,-3,2.8595081058901592
Horsens,FALSE,10,2024-10-28,FALSE,-3,2.917986387823815
Ikast-Brande,FALSE,10,2024-10-28,FALSE,-3,3.0843993982635425
Lemvig,TRUE,10,2024-10-28,FALSE,-3,3.078423957755768
Norddjurs,FALSE,10,2024-10-28,FALSE,-3,2.9308705048740795
Odder,FALSE,10,2024-10-28,FALSE,-3,2.99957823781145
Randers,FALSE,10,2024-10-28,FALSE,-3,2.942466351079547
Ringkoebing-Skjern,FALSE,10,2024-10-28,FALSE,-3,2.831193267243585
Samsoe,FALSE,10,2024-10-28,FALSE,-3,3.161676058684519
Silkeborg,TRUE,10,2024-10-28,FALSE,-3,3.1117569779635863
Skanderborg,FALSE,10,2024-10-28,FALSE,-3,3.0692450381137433
Skive,FALSE,10,2024-10-28,FALSE,-3,2.545254484622519
Struer,TRUE,10,2024-10-28,FALSE,-3,2.884173267846994
Syddjurs,FALSE,10,2024-10-28,FALSE,-3,3.120671243338085
Viborg,TRUE,10,2024-10-28,FALSE,-3,3.0399398250317384
Aarhus,TRUE,10,2024-10-28,FALSE,-3,2.804104412889186
Broenderslev,FALSE,10,2024-10-28,FALSE,-3,2.8797816511069256
Frederikshavn,TRUE,10,2024-10-28,FALSE,-3,3.135646975553024
Hjoerring,FALSE,10,2024-10-28,FALSE,-3,3.1307058668063434
Jammerbugt,TRUE,10,2024-10-28,FALSE,-3,3.227557259615103
Laesoe,FALSE,10,2024-10-28,FALSE,-3,3.297839166104159
Mariagerfjord,FALSE,10,2024-10-28,FALSE,-3,2.9032053314084476
Morsoe,TRUE,10,2024-10-28,FALSE,-3,3.0235135782884965
Rebild,TRUE,10,2024-10-28,FALSE,-3,2.929612090999037
Thisted,FALSE,10,2024-10-28,FALSE,-3,3.0068594614370774
Vesthimmerland,TRUE,10,2024-10-28,FALSE,-3,2.9011087948879664
Aalborg,TRUE,10,2024-10-28,FALSE,-3,3.0078373316943927
Albertslund,FALSE,11,2024-11-04,FALSE,-2,3.2048091137055104
Alleroed,FALSE,11,2024-11-04,FALSE,-2,3.141525074229602
Ballerup,FALSE,11,2024-11-04,FALSE,-2,2.8314047627215864
Bornholm,FALSE,11,2024-11-04,FALSE,-2,3.003152383258139
Broendby,TRUE,11,2024-11-04,FALSE,-2,2.957927679654864
Dragoer,TRUE,11,2024-11-04,FALSE,-2,2.907327568821107
Egedal,FALSE,11,2024-11-04,FALSE,-2,3.3517638104602523
Fredensborg,FALSE,11,2024-11-04,FALSE,-2,3.119218633699879
Frederiksberg,FALSE,11,2024-11-04,FALSE,-2,2.871045271557196
Frederikssund,TRUE,11,2024-11-04,FALSE,-2,3.020655721244285
Furesoe,FALSE,11,2024-11-04,FALSE,-2,3.137466030715375
Gentofte,TRUE,11,2024-11-04,FALSE,-2,3.0607692445414054
Gladsaxe,FALSE,11,2024-11-04,FALSE,-2,2.984168646515096
Glostrup,TRUE,11,2024-11-04,FALSE,-2,2.9448556314009284
Gribskov,TRUE,11,2024-11-04,FALSE,-2,3.0547493625177964
Halsnaes,FALSE,11,2024-11-04,FALSE,-2,3.1298151155058593
Helsingoer,TRUE,11,2024-11-04,FALSE,-2,3.3560152848097613
Herlev,FALSE,11,2024-11-04,FALSE,-2,2.8861603875257154
Hilleroed,FALSE,11,2024-11-04,FALSE,-2,3.606911274927033
Hvidovre,FALSE,11,2024-11-04,FALSE,-2,3.3891498581147435
Hoeje-Taastrup,FALSE,11,2024-11-04,FALSE,-2,3.175692084593411
Hoersholm,FALSE,11,2024-11-04,FALSE,-2,3.204218577836893
Ishoej,FALSE,11,2024-11-04,FALSE,-2,2.9262497811789023
Koebenhavn,TRUE,11,2024-11-04,FALSE,-2,3.016264644237468
Lyngby-Taarbaek,TRUE,11,2024-11-04,FALSE,-2,3.1218674655624334
Rudersdal,TRUE,11,2024-11-04,FALSE,-2,2.8034236580781626
Roedovre,TRUE,11,2024-11-04,FALSE,-2,2.996876115871899
Taarnby,TRUE,11,2024-11-04,FALSE,-2,3.303460633259897
Vallensbaek,FALSE,11,2024-11-04,FALSE,-2,3.3252740166475467
Faxe,FALSE,11,2024-11-04,FALSE,-2,3.1203968455472992
Greve,TRUE,11,2024-11-04,FALSE,-2,3.0761663730753717
Guldborgsund,TRUE,11,2024-11-04,FALSE,-2,3.335899095499943
Holbaek,TRUE,11,2024-11-04,FALSE,-2,3.2873111663963965
Kalundborg,TRUE,11,2024-11-04,FALSE,-2,2.888868432488904
Koege,TRUE,11,2024-11-04,FALSE,-2,3.0765492864188078
Lejre,FALSE,11,2024-11-04,FALSE,-2,3.219199281949922
Lolland,TRUE,11,2024-11-04,FALSE,-2,3.001683784033146
Naestved,TRUE,11,2024-11-04,FALSE,-2,3.1489875059007204
Odsherred,FALSE,11,2024-11-04,FALSE,-2,3.066822447875682
Ringsted,FALSE,11,2024-11-04,FALSE,-2,3.023981973633825
Roskilde,TRUE,11,2024-11-04,FALSE,-2,3.114246525684468
Slagelse,TRUE,11,2024-11-04,FALSE,-2,2.95253354685178
Solroed,TRUE,11,2024-11-04,FALSE,-2,3.1225974867697652
Soroe,FALSE,11,2024-11-04,FALSE,-2,3.1295447636094442
Stevns,TRUE,11,2024-11-04,FALSE,-2,3.4597164446781523
Vordingborg,FALSE,11,2024-11-04,FALSE,-2,3.0128839079142145
Assens,FALSE,11,2024-11-04,FALSE,-2,3.0471304470147023
Billund,FALSE,11,2024-11-04,FALSE,-2,3.0027811841215497
Esbjerg,FALSE,11,2024-11-04,FALSE,-2,3.3861980286379585
Fanoe,FALSE,11,2024-11-04,FALSE,-2,2.983935782443247
Fredericia,FALSE,11,2024-11-04,FALSE,-2,2.6503614413081453
Faaborg-Midtfyn,FALSE,11,2024-11-04,FALSE,-2,3.091129489327862
Haderslev,FALSE,11,2024-11-04,FALSE,-2,2.7161616513969844
Kerteminde,TRUE,11,2024-11-04,FALSE,-2,2.9221016250048653
Kolding,FALSE,11,2024-11-04,FALSE,-2,3.3737368132906864
Langeland,TRUE,11,2024-11-04,FALSE,-2,3.3225747614262695
Middelfart,TRUE,11,2024-11-04,FALSE,-2,3.19068007855682
Nordfyns,TRUE,11,2024-11-04,FALSE,-2,2.771960381111466
Nyborg,FALSE,11,2024-11-04,FALSE,-2,2.964001567233626
Odense,TRUE,11,2024-11-04,FALSE,-2,2.7915294223155844
Svendborg,TRUE,11,2024-11-04,FALSE,-2,3.2627542061263823
Soenderborg,TRUE,11,2024-11-04,FALSE,-2,3.036676948799313
Toender,TRUE,11,2024-11-04,FALSE,-2,2.7817797925278827
Varde,TRUE,11,2024-11-04,FALSE,-2,3.2732820028083047
Vejen,TRUE,11,2024-11-04,FALSE,-2,3.358398356195222
Vejle,TRUE,11,2024-11-04,FALSE,-2,2.9613395647765226
Aeroe,TRUE,11,2024-11-04,FALSE,-2,3.123794575284925
Aabenraa,TRUE,11,2024-11-04,FALSE,-2,3.235488839902015
Favrskov,FALSE,11,2024-11-04,FALSE,-2,2.990340620349356
Hedensted,TRUE,11,2024-11-04,FALSE,-2,3.3289830031313783
Herning,FALSE,11,2024-11-04,FALSE,-2,3.135191378244746
Holstebro,TRUE,11,2024-11-04,FALSE,-2,2.864045013546604
Horsens,FALSE,11,2024-11-04,FALSE,-2,2.890825367199657
Ikast-Brande,FALSE,11,2024-11-04,FALSE,-2,3.1286973108174183
Lemvig,TRUE,11,2024-11-04,FALSE,-2,3.1628061395049314
Norddjurs,FALSE,11,2024-11-04,FALSE,-2,3.018758297745387
Odder,FALSE,11,2024-11-04,FALSE,-2,3.054506262911913
Randers,FALSE,11,2024-11-04,FALSE,-2,3.0372871783533166
Ringkoebing-Skjern,FALSE,11,2024-11-04,FALSE,-2,2.8228075250634737
Samsoe,FALSE,11,2024-11-04,FALSE,-2,3.1823174854278213
Silkeborg,TRUE,11,2024-11-04,FALSE,-2,3.121548546248948
Skanderborg,FALSE,11,2024-11-04,FALSE,-2,3.178159608085652
Skive,FALSE,11,2024-11-04,FALSE,-2,2.672041147256115
Struer,TRUE,11,2024-11-04,FALSE,-2,2.9088250647330116
Syddjurs,FALSE,11,2024-11-04,FALSE,-2,3.2199146379665384
Viborg,TRUE,11,2024-11-04,FALSE,-2,3.2474666720648564
Aarhus,TRUE,11,2024-11-04,FALSE,-2,3.024973865864257
Broenderslev,FALSE,11,2024-11-04,FALSE,-2,2.9701437063380127
Frederikshavn,TRUE,11,2024-11-04,FALSE,-2,3.1930992570110988
Hjoerring,FALSE,11,2024-11-04,FALSE,-2,3.1960067144493656
Jammerbugt,TRUE,11,2024-11-04,FALSE,-2,3.209681847934895
Laesoe,FALSE,11,2024-11-04,FALSE,-2,3.3089782761442876
Mariagerfjord,FALSE,11,2024-11-04,FALSE,-2,3.017639629442111
Morsoe,TRUE,11,2024-11-04,FALSE,-2,3.1324638012276194
Rebild,TRUE,11,2024-11-04,FALSE,-2,2.990121181941241
Thisted,FALSE,11,2024-11-04,FALSE,-2,3.0909864666434306
Vesthimmerland,TRUE,11,2024-11-04,FALSE,-2,2.7975480131600667
Aalborg,TRUE,11,2024-11-04,FALSE,-2,2.954733084305558
Albertslund,FALSE,12,2024-11-11,FALSE,-1,3.4316938084010298
Alleroed,FALSE,12,2024-11-11,FALSE,-1,3.342611625232247
Ballerup,FALSE,12,2024-11-11,FALSE,-1,3.060025197128577
Bornholm,FALSE,12,2024-11-11,FALSE,-1,3.280489743007661
Broendby,TRUE,12,2024-11-11,FALSE,-1,3.1689206663330536
Dragoer,TRUE,12,2024-11-11,FALSE,-1,3.1747889652549675
Egedal,FALSE,12,2024-11-11,FALSE,-1,3.4689275109167825
Fredensborg,FALSE,12,2024-11-11,FALSE,-1,3.2954528232889646
Frederiksberg,FALSE,12,2024-11-11,FALSE,-1,3.180440493247288
Frederikssund,TRUE,12,2024-11-11,FALSE,-1,3.1024204649521496
Furesoe,FALSE,12,2024-11-11,FALSE,-1,3.426231960585277
Gentofte,TRUE,12,2024-11-11,FALSE,-1,3.266000553058358
Gladsaxe,FALSE,12,2024-11-11,FALSE,-1,3.263451160667885
Glostrup,TRUE,12,2024-11-11,FALSE,-1,3.2320589502700945
Gribskov,TRUE,12,2024-11-11,FALSE,-1,3.2841129308021086
Halsnaes,FALSE,12,2024-11-11,FALSE,-1,3.306684163803235
Helsingoer,TRUE,12,2024-11-11,FALSE,-1,3.6281069662953356
Herlev,FALSE,12,2024-11-11,FALSE,-1,3.136407315583841
Hilleroed,FALSE,12,2024-11-11,FALSE,-1,3.8933580402657464
Hvidovre,FALSE,12,2024-11-11,FALSE,-1,3.4875662935666654
Hoeje-Taastrup,FALSE,12,2024-11-11,FALSE,-1,3.316533676611192
Hoersholm,FALSE,12,2024-11-11,FALSE,-1,3.5123763943979105
Ishoej,FALSE,12,2024-11-11,FALSE,-1,3.1794370686487947
Koebenhavn,TRUE,12,2024-11-11,FALSE,-1,3.216758136689295
Lyngby-Taarbaek,TRUE,12,2024-11-11,FALSE,-1,3.3163821225806602
Rudersdal,TRUE,12,2024-11-11,FALSE,-1,2.9494513355937837
Roedovre,TRUE,12,2024-11-11,FALSE,-1,3.2695335528135887
Taarnby,TRUE,12,2024-11-11,FALSE,-1,3.509088927923197
Vallensbaek,FALSE,12,2024-11-11,FALSE,-1,3.6288878916458036
Faxe,FALSE,12,2024-11-11,FALSE,-1,3.348352526400673
Greve,TRUE,12,2024-11-11,FALSE,-1,3.2524637135999286
Guldborgsund,TRUE,12,2024-11-11,FALSE,-1,3.5763875552877553
Holbaek,TRUE,12,2024-11-11,FALSE,-1,3.6538329462228383
Kalundborg,TRUE,12,2024-11-11,FALSE,-1,3.1430418598214604
Koege,TRUE,12,2024-11-11,FALSE,-1,3.364412819330321
Lejre,FALSE,12,2024-11-11,FALSE,-1,3.487512008707308
Lolland,TRUE,12,2024-11-11,FALSE,-1,3.282389332371132
Naestved,TRUE,12,2024-11-11,FALSE,-1,3.448673668856214
Odsherred,FALSE,12,2024-11-11,FALSE,-1,3.287680033903151
Ringsted,FALSE,12,2024-11-11,FALSE,-1,3.31162654994686
Roskilde,TRUE,12,2024-11-11,FALSE,-1,3.3443518641321193
Slagelse,TRUE,12,2024-11-11,FALSE,-1,3.2313792175967104
Solroed,TRUE,12,2024-11-11,FALSE,-1,3.2706084670662277
Soroe,FALSE,12,2024-11-11,FALSE,-1,3.6594734383566645
Stevns,TRUE,12,2024-11-11,FALSE,-1,3.7938375707960987
Vordingborg,FALSE,12,2024-11-11,FALSE,-1,3.297964667205841
Assens,FALSE,12,2024-11-11,FALSE,-1,3.302171793756297
Billund,FALSE,12,2024-11-11,FALSE,-1,3.301352211995979
Esbjerg,FALSE,12,2024-11-11,FALSE,-1,3.702466150844645
Fanoe,FALSE,12,2024-11-11,FALSE,-1,3.107046315861865
Fredericia,FALSE,12,2024-11-11,FALSE,-1,2.9840289573663865
Faaborg-Midtfyn,FALSE,12,2024-11-11,FALSE,-1,3.4222246441549276
Haderslev,FALSE,12,2024-11-11,FALSE,-1,2.977949744648824
Kerteminde,TRUE,12,2024-11-11,FALSE,-1,3.0532272650654857
Kolding,FALSE,12,2024-11-11,FALSE,-1,3.5454380971610093
Langeland,TRUE,12,2024-11-11,FALSE,-1,3.5609035201797714
Middelfart,TRUE,12,2024-11-11,FALSE,-1,3.369767084205498
Nordfyns,TRUE,12,2024-11-11,FALSE,-1,3.0104015499270678
Nyborg,FALSE,12,2024-11-11,FALSE,-1,3.360206421390223
Odense,TRUE,12,2024-11-11,FALSE,-1,3.0921248660737404
Svendborg,TRUE,12,2024-11-11,FALSE,-1,3.441690309873151
Soenderborg,TRUE,12,2024-11-11,FALSE,-1,3.261321758219053
Toender,TRUE,12,2024-11-11,FALSE,-1,3.0157632372334153
Varde,TRUE,12,2024-11-11,FALSE,-1,3.482435544340975
Vejen,TRUE,12,2024-11-11,FALSE,-1,3.6104813150766852
Vejle,TRUE,12,2024-11-11,FALSE,-1,3.1935261430455575
Aeroe,TRUE,12,2024-11-11,FALSE,-1,3.321159529788079
Aabenraa,TRUE,12,2024-11-11,FALSE,-1,3.460263963970777
Favrskov,FALSE,12,2024-11-11,FALSE,-1,3.284868180588057
Hedensted,TRUE,12,2024-11-11,FALSE,-1,3.53810188412535
Herning,FALSE,12,2024-11-11,FALSE,-1,3.470966811167327
Holstebro,TRUE,12,2024-11-11,FALSE,-1,3.158972619824043
Horsens,FALSE,12,2024-11-11,FALSE,-1,3.1445205360064232
Ikast-Brande,FALSE,12,2024-11-11,FALSE,-1,3.283464624322617
Lemvig,TRUE,12,2024-11-11,FALSE,-1,3.48356618381145
Norddjurs,FALSE,12,2024-11-11,FALSE,-1,3.255717020282947
Odder,FALSE,12,2024-11-11,FALSE,-1,3.225348280104643
Randers,FALSE,12,2024-11-11,FALSE,-1,3.196932926957324
Ringkoebing-Skjern,FALSE,12,2024-11-11,FALSE,-1,3.1626238619693243
Samsoe,FALSE,12,2024-11-11,FALSE,-1,3.4866241388645904
Silkeborg,TRUE,12,2024-11-11,FALSE,-1,3.3784180009490608
Skanderborg,FALSE,12,2024-11-11,FALSE,-1,3.336882344123773
Skive,FALSE,12,2024-11-11,FALSE,-1,2.9638729699435378
Struer,TRUE,12,2024-11-11,FALSE,-1,3.1924579961418806
Syddjurs,FALSE,12,2024-11-11,FALSE,-1,3.5474459927444846
Viborg,TRUE,12,2024-11-11,FALSE,-1,3.4330701522559104
Aarhus,TRUE,12,2024-11-11,FALSE,-1,3.2296800964113683
Broenderslev,FALSE,12,2024-11-11,FALSE,-1,3.2354750078533887
Frederikshavn,TRUE,12,2024-11-11,FALSE,-1,3.334572103039162
Hjoerring,FALSE,12,2024-11-11,FALSE,-1,3.513386903762077
Jammerbugt,TRUE,12,2024-11-11,FALSE,-1,3.5445830821596442
Laesoe,FALSE,12,2024-11-11,FALSE,-1,3.5966012921131627
Mariagerfjord,FALSE,12,2024-11-11,FALSE,-1,3.2117291531453107
Morsoe,TRUE,12,2024-11-11,FALSE,-1,3.384953939818666
Rebild,TRUE,12,2024-11-11,FALSE,-1,3.2692535524815094
Thisted,FALSE,12,2024-11-11,FALSE,-1,3.350134768725171
Vesthimmerland,TRUE,12,2024-11-11,FALSE,-1,3.118191864279128
Aalborg,TRUE,12,2024-11-11,FALSE,-1,3.353530641569379
Albertslund,FALSE,13,2024-11-18,TRUE,0,7.404469996366013
Alleroed,FALSE,13,2024-11-18,TRUE,0,7.050812455465179
Ballerup,FALSE,13,2024-11-18,TRUE,0,6.532143364240985
Bornholm,FALSE,13,2024-11-18,TRUE,0,6.893260932355971
Broendby,TRUE,13,2024-11-18,TRUE,0,6.475077479459568
Dragoer,TRUE,13,2024-11-18,TRUE,0,6.606415216634876
Egedal,FALSE,13,2024-11-18,TRUE,0,7.580217508925428
Fredensborg,FALSE,13,2024-11-18,TRUE,0,7.1973273830710625
Frederiksberg,FALSE,13,2024-11-18,TRUE,0,6.434378540665235
Frederikssund,TRUE,13,2024-11-18,TRUE,0,6.724699870228264
Furesoe,FALSE,13,2024-11-18,TRUE,0,7.13911345496359
Gentofte,TRUE,13,2024-11-18,TRUE,0,6.728766274270026
Gladsaxe,FALSE,13,2024-11-18,TRUE,0,6.906997040088869
Glostrup,TRUE,13,2024-11-18,TRUE,0,6.778245826908367
Gribskov,TRUE,13,2024-11-18,TRUE,0,6.938369954739458
Halsnaes,FALSE,13,2024-11-18,TRUE,0,7.011774899133584
Helsingoer,TRUE,13,2024-11-18,TRUE,0,7.639780451066777
Herlev,FALSE,13,2024-11-18,TRUE,0,6.549339257089651
Hilleroed,FALSE,13,2024-11-18,TRUE,0,8.255473382411267
Hvidovre,FALSE,13,2024-11-18,TRUE,0,7.5389971884330444
Hoeje-Taastrup,FALSE,13,2024-11-18,TRUE,0,7.181016018164186
Hoersholm,FALSE,13,2024-11-18,TRUE,0,7.289543327163577
Ishoej,FALSE,13,2024-11-18,TRUE,0,6.719494067766528
Koebenhavn,TRUE,13,2024-11-18,TRUE,0,6.95769301071922
Lyngby-Taarbaek,TRUE,13,2024-11-18,TRUE,0,7.079425168844126
Rudersdal,TRUE,13,2024-11-18,TRUE,0,6.107205862603521
Roedovre,TRUE,13,2024-11-18,TRUE,0,6.754746506063703
Taarnby,TRUE,13,2024-11-18,TRUE,0,7.646873189780383
Vallensbaek,FALSE,13,2024-11-18,TRUE,0,7.665985079312758
Faxe,FALSE,13,2024-11-18,TRUE,0,7.149767593253623
Greve,TRUE,13,2024-11-18,TRUE,0,7.041312024223558
Guldborgsund,TRUE,13,2024-11-18,TRUE,0,7.728353615622489
Holbaek,TRUE,13,2024-11-18,TRUE,0,7.541748423449023
Kalundborg,TRUE,13,2024-11-18,TRUE,0,6.6676361256567045
Koege,TRUE,13,2024-11-18,TRUE,0,7.133805585272665
Lejre,FALSE,13,2024-11-18,TRUE,0,7.433288644520763
Lolland,TRUE,13,2024-11-18,TRUE,0,7.086586827052209
Naestved,TRUE,13,2024-11-18,TRUE,0,7.183548718651415
Odsherred,FALSE,13,2024-11-18,TRUE,0,7.297682692286431
Ringsted,FALSE,13,2024-11-18,TRUE,0,7.058986030550431
Roskilde,TRUE,13,2024-11-18,TRUE,0,7.033336499081579
Slagelse,TRUE,13,2024-11-18,TRUE,0,7.023302327559014
Solroed,TRUE,13,2024-11-18,TRUE,0,7.000124549815317
Soroe,FALSE,13,2024-11-18,TRUE,0,7.393507797132707
Stevns,TRUE,13,2024-11-18,TRUE,0,7.944272252067392
Vordingborg,FALSE,13,2024-11-18,TRUE,0,6.935368341393831
Assens,FALSE,13,2024-11-18,TRUE,0,7.143638866532973
Billund,FALSE,13,2024-11-18,TRUE,0,7.022843163962177
Esbjerg,FALSE,13,2024-11-18,TRUE,0,7.805985926636569
Fanoe,FALSE,13,2024-11-18,TRUE,0,6.660816479620746
Fredericia,FALSE,13,2024-11-18,TRUE,0,6.1308867245344425
Faaborg-Midtfyn,FALSE,13,2024-11-18,TRUE,0,7.171370726086805
Haderslev,FALSE,13,2024-11-18,TRUE,0,6.477576757502426
Kerteminde,TRUE,13,2024-11-18,TRUE,0,6.57793392735097
Kolding,FALSE,13,2024-11-18,TRUE,0,7.604238768775169
Langeland,TRUE,13,2024-11-18,TRUE,0,7.453811691863936
Middelfart,TRUE,13,2024-11-18,TRUE,0,7.277590861488862
Nordfyns,TRUE,13,2024-11-18,TRUE,0,6.276837573538525
Nyborg,FALSE,13,2024-11-18,TRUE,0,6.756068532819047
Odense,TRUE,13,2024-11-18,TRUE,0,6.524515431854161
Svendborg,TRUE,13,2024-11-18,TRUE,0,7.286024837126472
Soenderborg,TRUE,13,2024-11-18,TRUE,0,6.690738102530368
Toender,TRUE,13,2024-11-18,TRUE,0,6.302330322096001
Varde,TRUE,13,2024-11-18,TRUE,0,7.451452088146619
Vejen,TRUE,13,2024-11-18,TRUE,0,7.604423248311
Vejle,TRUE,13,2024-11-18,TRUE,0,6.933402432605956
Aeroe,TRUE,13,2024-11-18,TRUE,0,7.031765475130721
Aabenraa,TRUE,13,2024-11-18,TRUE,0,7.082745839926134
Favrskov,FALSE,13,2024-11-18,TRUE,0,6.96264725703895
Hedensted,TRUE,13,2024-11-18,TRUE,0,7.34530946457703
Herning,FALSE,13,2024-11-18,TRUE,0,7.2155109892770835
Holstebro,TRUE,13,2024-11-18,TRUE,0,6.5760683609393125
Horsens,FALSE,13,2024-11-18,TRUE,0,6.691466937093771
Ikast-Brande,FALSE,13,2024-11-18,TRUE,0,7.162110521530641
Lemvig,TRUE,13,2024-11-18,TRUE,0,7.3121773338940645
Norddjurs,FALSE,13,2024-11-18,TRUE,0,6.891697413582497
Odder,FALSE,13,2024-11-18,TRUE,0,7.0549916658909675
Randers,FALSE,13,2024-11-18,TRUE,0,6.970987249581721
Ringkoebing-Skjern,FALSE,13,2024-11-18,TRUE,0,6.648215940446443
Samsoe,FALSE,13,2024-11-18,TRUE,0,7.609822554811032
Silkeborg,TRUE,13,2024-11-18,TRUE,0,7.0798748087043615
Skanderborg,FALSE,13,2024-11-18,TRUE,0,7.145643145704797
Skive,FALSE,13,2024-11-18,TRUE,0,6.15354872000058
Struer,TRUE,13,2024-11-18,TRUE,0,6.748201409318031
Syddjurs,FALSE,13,2024-11-18,TRUE,0,7.3169279724574885
Viborg,TRUE,13,2024-11-18,TRUE,0,7.127718716071954
Aarhus,TRUE,13,2024-11-18,TRUE,0,6.8777034671122
Broenderslev,FALSE,13,2024-11-18,TRUE,0,6.867138817291609
Frederikshavn,TRUE,13,2024-11-18,TRUE,0,7.158256309716758
Hjoerring,FALSE,13,2024-11-18,TRUE,0,7.249174098111231
Jammerbugt,TRUE,13,2024-11-18,TRUE,0,7.4448718496523165
Laesoe,FALSE,13,2024-11-18,TRUE,0,7.547080583628324
Mariagerfjord,FALSE,13,2024-11-18,TRUE,0,6.731188747799788
Morsoe,TRUE,13,2024-11-18,TRUE,0,7.064097230428027
Rebild,TRUE,13,2024-11-18,TRUE,0,6.684791443791628
Thisted,FALSE,13,2024-11-18,TRUE,0,7.065814902550887
Vesthimmerland,TRUE,13,2024-11-18,TRUE,0,6.3595940055802895
Aalborg,TRUE,13,2024-11-18,TRUE,0,6.921623256412011
Albertslund,FALSE,14,2024-11-25,TRUE,1,7.733330763545652
Alleroed,FALSE,14,2024-11-25,TRUE,1,7.387007738743943
Ballerup,FALSE,14,2024-11-25,TRUE,1,6.8418897742023335
Bornholm,FALSE,14,2024-11-25,TRUE,1,7.267728972494035
Broendby,TRUE,14,2024-11-25,TRUE,1,6.9701619491119375
Dragoer,TRUE,14,2024-11-25,TRUE,1,6.816638642083697
Egedal,FALSE,14,2024-11-25,TRUE,1,7.875523005523622
Fredensborg,FALSE,14,2024-11-25,TRUE,1,7.4104852882716505
Frederiksberg,FALSE,14,2024-11-25,TRUE,1,6.864535816765847
Frederikssund,TRUE,14,2024-11-25,TRUE,1,7.009457810010974
Furesoe,FALSE,14,2024-11-25,TRUE,1,7.422244733780932
Gentofte,TRUE,14,2024-11-25,TRUE,1,7.11339763229453
Gladsaxe,FALSE,14,2024-11-25,TRUE,1,7.270468537832737
Glostrup,TRUE,14,2024-11-25,TRUE,1,6.95626612484466
Gribskov,TRUE,14,2024-11-25,TRUE,1,7.314185832745431
Halsnaes,FALSE,14,2024-11-25,TRUE,1,7.473961503064687
Helsingoer,TRUE,14,2024-11-25,TRUE,1,8.058446055014029
Herlev,FALSE,14,2024-11-25,TRUE,1,6.998492107526568
Hilleroed,FALSE,14,2024-11-25,TRUE,1,8.486554538849632
Hvidovre,FALSE,14,2024-11-25,TRUE,1,7.925144324475096
Hoeje-Taastrup,FALSE,14,2024-11-25,TRUE,1,7.480960710952348
Hoersholm,FALSE,14,2024-11-25,TRUE,1,7.409556723565172
Ishoej,FALSE,14,2024-11-25,TRUE,1,7.1103249639622
Koebenhavn,TRUE,14,2024-11-25,TRUE,1,7.226540537466388
Lyngby-Taarbaek,TRUE,14,2024-11-25,TRUE,1,7.432558915828765
Rudersdal,TRUE,14,2024-11-25,TRUE,1,6.493262408247193
Roedovre,TRUE,14,2024-11-25,TRUE,1,7.003220603089223
Taarnby,TRUE,14,2024-11-25,TRUE,1,8.135197427721053
Vallensbaek,FALSE,14,2024-11-25,TRUE,1,8.181610909252496
Faxe,FALSE,14,2024-11-25,TRUE,1,7.593884188920516
Greve,TRUE,14,2024-11-25,TRUE,1,7.369265654825719
Guldborgsund,TRUE,14,2024-11-25,TRUE,1,7.973897110146982
Holbaek,TRUE,14,2024-11-25,TRUE,1,7.9238732253884745
Kalundborg,TRUE,14,2024-11-25,TRUE,1,6.9054618178562395
Koege,TRUE,14,2024-11-25,TRUE,1,7.526324681445456
Lejre,FALSE,14,2024-11-25,TRUE,1,7.712356723327464
Lolland,TRUE,14,2024-11-25,TRUE,1,7.546336170351931
Naestved,TRUE,14,2024-11-25,TRUE,1,7.446965283065714
Odsherred,FALSE,14,2024-11-25,TRUE,1,7.4755990987584084
Ringsted,FALSE,14,2024-11-25,TRUE,1,7.228191127445134
Roskilde,TRUE,14,2024-11-25,TRUE,1,7.413602365049175
Slagelse,TRUE,14,2024-11-25,TRUE,1,7.124999270393399
Solroed,TRUE,14,2024-11-25,TRUE,1,7.365293181572644
Soroe,FALSE,14,2024-11-25,TRUE,1,7.786986625059232
Stevns,TRUE,14,2024-11-25,TRUE,1,8.39212648258991
Vordingborg,FALSE,14,2024-11-25,TRUE,1,7.291083515837304
Assens,FALSE,14,2024-11-25,TRUE,1,7.484851837134404
Billund,FALSE,14,2024-11-25,TRUE,1,7.284464706295811
Esbjerg,FALSE,14,2024-11-25,TRUE,1,8.21690333936727
Fanoe,FALSE,14,2024-11-25,TRUE,1,7.048955615762618
Fredericia,FALSE,14,2024-11-25,TRUE,1,6.553107015688085
Faaborg-Midtfyn,FALSE,14,2024-11-25,TRUE,1,7.494410731702862
Haderslev,FALSE,14,2024-11-25,TRUE,1,6.689619691688824
Kerteminde,TRUE,14,2024-11-25,TRUE,1,6.8489257956017005
Kolding,FALSE,14,2024-11-25,TRUE,1,8.15649986438867
Langeland,TRUE,14,2024-11-25,TRUE,1,7.7507333025877365
Middelfart,TRUE,14,2024-11-25,TRUE,1,7.6301271948675105
Nordfyns,TRUE,14,2024-11-25,TRUE,1,6.6241139583975865
Nyborg,FALSE,14,2024-11-25,TRUE,1,7.304356394986493
Odense,TRUE,14,2024-11-25,TRUE,1,6.964644912697834
Svendborg,TRUE,14,2024-11-25,TRUE,1,7.829364067610103
Soenderborg,TRUE,14,2024-11-25,TRUE,1,6.880484499936499
Toender,TRUE,14,2024-11-25,TRUE,1,6.54473567356165
Varde,TRUE,14,2024-11-25,TRUE,1,7.6937870032815265
Vejen,TRUE,14,2024-11-25,TRUE,1,8.020284632182467
Vejle,TRUE,14,2024-11-25,TRUE,1,7.139132075568578
Aeroe,TRUE,14,2024-11-25,TRUE,1,7.393671520938867
Aabenraa,TRUE,14,2024-11-25,TRUE,1,7.188112812734505
Favrskov,FALSE,14,2024-11-25,TRUE,1,7.372169018126959
Hedensted,TRUE,14,2024-11-25,TRUE,1,7.663732030505214
Herning,FALSE,14,2024-11-25,TRUE,1,7.4929494149897264
Holstebro,TRUE,14,2024-11-25,TRUE,1,6.948811825011263
Horsens,FALSE,14,2024-11-25,TRUE,1,7.02316750004999
Ikast-Brande,FALSE,14,2024-11-25,TRUE,1,7.5494942276615005
Lemvig,TRUE,14,2024-11-25,TRUE,1,7.4999217239934515
Norddjurs,FALSE,14,2024-11-25,TRUE,1,6.972531388977171
Odder,FALSE,14,2024-11-25,TRUE,1,7.25276391733233
Randers,FALSE,14,2024-11-25,TRUE,1,7.244464979794301
Ringkoebing-Skjern,FALSE,14,2024-11-25,TRUE,1,6.7986242873095595
Samsoe,FALSE,14,2024-11-25,TRUE,1,7.6305984936444915
Silkeborg,TRUE,14,2024-11-25,TRUE,1,7.364083289503946
Skanderborg,FALSE,14,2024-11-25,TRUE,1,7.66372814854399
Skive,FALSE,14,2024-11-25,TRUE,1,6.274440257698548
Struer,TRUE,14,2024-11-25,TRUE,1,7.065729347477339
Syddjurs,FALSE,14,2024-11-25,TRUE,1,7.904115754165807
Viborg,TRUE,14,2024-11-25,TRUE,1,7.497187940362236
Aarhus,TRUE,14,2024-11-25,TRUE,1,7.168264615197939
Broenderslev,FALSE,14,2024-11-25,TRUE,1,7.3515688509836155
Frederikshavn,TRUE,14,2024-11-25,TRUE,1,7.471461659479932
Hjoerring,FALSE,14,2024-11-25,TRUE,1,7.508301120012233
Jammerbugt,TRUE,14,2024-11-25,TRUE,1,7.690072087965043
Laesoe,FALSE,14,2024-11-25,TRUE,1,7.926010124319302
Mariagerfjord,FALSE,14,2024-11-25,TRUE,1,6.980391010831672
Morsoe,TRUE,14,2024-11-25,TRUE,1,7.41157217039973
Rebild,TRUE,14,2024-11-25,TRUE,1,7.012629928177749
Thisted,FALSE,14,2024-11-25,TRUE,1,7.520192251808676
Vesthimmerland,TRUE,14,2024-11-25,TRUE,1,6.809420494131955
Aalborg,TRUE,14,2024-11-25,TRUE,1,7.368307869319921
Albertslund,FALSE,15,2024-12-02,TRUE,2,3.516139753798442
Alleroed,FALSE,15,2024-12-02,TRUE,2,3.3687167048369955
Ballerup,FALSE,15,2024-12-02,TRUE,2,3.084493744403265
Bornholm,FALSE,15,2024-12-02,TRUE,2,3.2826948233727755
Broendby,TRUE,15,2024-12-02,TRUE,2,3.1928494114671646
Dragoer,TRUE,15,2024-12-02,TRUE,2,3.084043190216654
Egedal,FALSE,15,2024-12-02,TRUE,2,3.5033905094772337
Fredensborg,FALSE,15,2024-12-02,TRUE,2,3.2973641365096955
Frederiksberg,FALSE,15,2024-12-02,TRUE,2,3.0636201418664664
Frederikssund,TRUE,15,2024-12-02,TRUE,2,3.173255351405622
Furesoe,FALSE,15,2024-12-02,TRUE,2,3.401569892140456
Gentofte,TRUE,15,2024-12-02,TRUE,2,3.140130190398467
Gladsaxe,FALSE,15,2024-12-02,TRUE,2,3.293720322836198
Glostrup,TRUE,15,2024-12-02,TRUE,2,3.168772286250299
Gribskov,TRUE,15,2024-12-02,TRUE,2,3.1728153408898083
Halsnaes,FALSE,15,2024-12-02,TRUE,2,3.3692598271783223
Helsingoer,TRUE,15,2024-12-02,TRUE,2,3.5163234759664217
Herlev,FALSE,15,2024-12-02,TRUE,2,3.1616916648358884
Hilleroed,FALSE,15,2024-12-02,TRUE,2,3.864005625754316
Hvidovre,FALSE,15,2024-12-02,TRUE,2,3.6227803364915108
Hoeje-Taastrup,FALSE,15,2024-12-02,TRUE,2,3.4292510265737293
Hoersholm,FALSE,15,2024-12-02,TRUE,2,3.4362552855049073
Ishoej,FALSE,15,2024-12-02,TRUE,2,3.20775949398738
Koebenhavn,TRUE,15,2024-12-02,TRUE,2,3.1958782010529276
Lyngby-Taarbaek,TRUE,15,2024-12-02,TRUE,2,3.312133168949302
Rudersdal,TRUE,15,2024-12-02,TRUE,2,2.9660799512977
Roedovre,TRUE,15,2024-12-02,TRUE,2,3.215644603915481
Taarnby,TRUE,15,2024-12-02,TRUE,2,3.444876948683724
Vallensbaek,FALSE,15,2024-12-02,TRUE,2,3.584651070243981
Faxe,FALSE,15,2024-12-02,TRUE,2,3.389878446009614
Greve,TRUE,15,2024-12-02,TRUE,2,3.319646661980699
Guldborgsund,TRUE,15,2024-12-02,TRUE,2,3.5500325193361078
Holbaek,TRUE,15,2024-12-02,TRUE,2,3.5035263014304348
Kalundborg,TRUE,15,2024-12-02,TRUE,2,3.008063944535233
Koege,TRUE,15,2024-12-02,TRUE,2,3.2019898035486887
Lejre,FALSE,15,2024-12-02,TRUE,2,3.485205602833685
Lolland,TRUE,15,2024-12-02,TRUE,2,3.2816784475956142
Naestved,TRUE,15,2024-12-02,TRUE,2,3.235181960752744
Odsherred,FALSE,15,2024-12-02,TRUE,2,3.337180326604357
Ringsted,FALSE,15,2024-12-02,TRUE,2,3.338766371058778
Roskilde,TRUE,15,2024-12-02,TRUE,2,3.2407225196372873
Slagelse,TRUE,15,2024-12-02,TRUE,2,3.142175665804399
Solroed,TRUE,15,2024-12-02,TRUE,2,3.2574032941786664
Soroe,FALSE,15,2024-12-02,TRUE,2,3.5160812333099325
Stevns,TRUE,15,2024-12-02,TRUE,2,3.73964908835545
Vordingborg,FALSE,15,2024-12-02,TRUE,2,3.292161182881261
Assens,FALSE,15,2024-12-02,TRUE,2,3.379563990239006
Billund,FALSE,15,2024-12-02,TRUE,2,3.2663768767534695
Esbjerg,FALSE,15,2024-12-02,TRUE,2,3.6859143528041103
Fanoe,FALSE,15,2024-12-02,TRUE,2,3.2198209076761346
Fredericia,FALSE,15,2024-12-02,TRUE,2,2.9586773203463186
Faaborg-Midtfyn,FALSE,15,2024-12-02,TRUE,2,3.388600443754925
Haderslev,FALSE,15,2024-12-02,TRUE,2,2.9755572129088446
Kerteminde,TRUE,15,2024-12-02,TRUE,2,3.0325196193858757
Kolding,FALSE,15,2024-12-02,TRUE,2,3.717053817993967
Langeland,TRUE,15,2024-12-02,TRUE,2,3.4206483579905558
Middelfart,TRUE,15,2024-12-02,TRUE,2,3.3924694313897517
Nordfyns,TRUE,15,2024-12-02,TRUE,2,2.985392748389531
Nyborg,FALSE,15,2024-12-02,TRUE,2,3.315561857257902
Odense,TRUE,15,2024-12-02,TRUE,2,3.0242207099230223
Svendborg,TRUE,15,2024-12-02,TRUE,2,3.4725185114541404
Soenderborg,TRUE,15,2024-12-02,TRUE,2,3.1889926101999753
Toender,TRUE,15,2024-12-02,TRUE,2,3.002106045867019
Varde,TRUE,15,2024-12-02,TRUE,2,3.4443451626298334
Vejen,TRUE,15,2024-12-02,TRUE,2,3.47749997185739
Vejle,TRUE,15,2024-12-02,TRUE,2,3.1461270584252885
Aeroe,TRUE,15,2024-12-02,TRUE,2,3.272515462663475
Aabenraa,TRUE,15,2024-12-02,TRUE,2,3.3686951301201367
Favrskov,FALSE,15,2024-12-02,TRUE,2,3.249284836506569
Hedensted,TRUE,15,2024-12-02,TRUE,2,3.5277603555867976
Herning,FALSE,15,2024-12-02,TRUE,2,3.4948597722510284
Holstebro,TRUE,15,2024-12-02,TRUE,2,3.1276507348358638
Horsens,FALSE,15,2024-12-02,TRUE,2,3.181540680879205
Ikast-Brande,FALSE,15,2024-12-02,TRUE,2,3.367697488142078
Lemvig,TRUE,15,2024-12-02,TRUE,2,3.3685808709618064
Norddjurs,FALSE,15,2024-12-02,TRUE,2,3.3079175363745454
Odder,FALSE,15,2024-12-02,TRUE,2,3.2346402170236805
Randers,FALSE,15,2024-12-02,TRUE,2,3.4286206993327024
Ringkoebing-Skjern,FALSE,15,2024-12-02,TRUE,2,3.131813005489137
Samsoe,FALSE,15,2024-12-02,TRUE,2,3.6035677510584643
Silkeborg,TRUE,15,2024-12-02,TRUE,2,3.361498836843258
Skanderborg,FALSE,15,2024-12-02,TRUE,2,3.4964840239361537
Skive,FALSE,15,2024-12-02,TRUE,2,2.8591588057109174
Struer,TRUE,15,2024-12-02,TRUE,2,3.123403282942312
Syddjurs,FALSE,15,2024-12-02,TRUE,2,3.5290963457571074
Viborg,TRUE,15,2024-12-02,TRUE,2,3.4153871213335854
Aarhus,TRUE,15,2024-12-02,TRUE,2,3.1582840598373307
Broenderslev,FALSE,15,2024-12-02,TRUE,2,3.227258407383581
Frederikshavn,TRUE,15,2024-12-02,TRUE,2,3.3334785300537546
Hjoerring,FALSE,15,2024-12-02,TRUE,2,3.259550065698998
Jammerbugt,TRUE,15,2024-12-02,TRUE,2,3.442585627544172
Laesoe,FALSE,15,2024-12-02,TRUE,2,3.667993511068844
Mariagerfjord,FALSE,15,2024-12-02,TRUE,2,3.2382820630706886
Morsoe,TRUE,15,2024-12-02,TRUE,2,3.298058729179754
Rebild,TRUE,15,2024-12-02,TRUE,2,3.1928983271796723
Thisted,FALSE,15,2024-12-02,TRUE,2,3.307444244541845
Vesthimmerland,TRUE,15,2024-12-02,TRUE,2,3.0171531176743693
Aalborg,TRUE,15,2024-12-02,TRUE,2,3.2505857418371265
Albertslund,FALSE,16,2024-12-09,TRUE,3,5.707795184507684
Alleroed,FALSE,16,2024-12-09,TRUE,3,5.4657662747225135
Ballerup,FALSE,16,2024-12-09,TRUE,3,5.173646666093641
Bornholm,FALSE,16,2024-12-09,TRUE,3,5.492406128682553
Broendby,TRUE,16,2024-12-09,TRUE,3,5.22106600920741
Dragoer,TRUE,16,2024-12-09,TRUE,3,5.0884188074230785
Egedal,FALSE,16,2024-12-09,TRUE,3,5.69508448293302
Fredensborg,FALSE,16,2024-12-09,TRUE,3,5.61326842024901
Frederiksberg,FALSE,16,2024-12-09,TRUE,3,4.880275517220733
Frederikssund,TRUE,16,2024-12-09,TRUE,3,5.301798558665494
Furesoe,FALSE,16,2024-12-09,TRUE,3,5.576033449471468
Gentofte,TRUE,16,2024-12-09,TRUE,3,5.369207764947701
Gladsaxe,FALSE,16,2024-12-09,TRUE,3,5.192100362923284
Glostrup,TRUE,16,2024-12-09,TRUE,3,5.145484014772111
Gribskov,TRUE,16,2024-12-09,TRUE,3,5.388196962123617
Halsnaes,FALSE,16,2024-12-09,TRUE,3,5.765767207215333
Helsingoer,TRUE,16,2024-12-09,TRUE,3,5.888158267333346
Herlev,FALSE,16,2024-12-09,TRUE,3,5.076788736891183
Hilleroed,FALSE,16,2024-12-09,TRUE,3,6.269847098190039
Hvidovre,FALSE,16,2024-12-09,TRUE,3,5.9766796664025845
Hoeje-Taastrup,FALSE,16,2024-12-09,TRUE,3,5.54728291975539
Hoersholm,FALSE,16,2024-12-09,TRUE,3,5.885228199267671
Ishoej,FALSE,16,2024-12-09,TRUE,3,5.260862621260999
Koebenhavn,TRUE,16,2024-12-09,TRUE,3,5.292162577231804
Lyngby-Taarbaek,TRUE,16,2024-12-09,TRUE,3,5.617512450297479
Rudersdal,TRUE,16,2024-12-09,TRUE,3,4.944164051483135
Roedovre,TRUE,16,2024-12-09,TRUE,3,5.3915326399276395
Taarnby,TRUE,16,2024-12-09,TRUE,3,5.750362247321237
Vallensbaek,FALSE,16,2024-12-09,TRUE,3,5.82828313633361
Faxe,FALSE,16,2024-12-09,TRUE,3,5.729532320132792
Greve,TRUE,16,2024-12-09,TRUE,3,5.592460913905185
Guldborgsund,TRUE,16,2024-12-09,TRUE,3,6.036501258111709
Holbaek,TRUE,16,2024-12-09,TRUE,3,5.848029390946324
Kalundborg,TRUE,16,2024-12-09,TRUE,3,5.124477734493062
Koege,TRUE,16,2024-12-09,TRUE,3,5.631519593196691
Lejre,FALSE,16,2024-12-09,TRUE,3,5.80002717895042
Lolland,TRUE,16,2024-12-09,TRUE,3,5.554298511264307
Naestved,TRUE,16,2024-12-09,TRUE,3,5.505319691818056
Odsherred,FALSE,16,2024-12-09,TRUE,3,5.467472309164253
Ringsted,FALSE,16,2024-12-09,TRUE,3,5.474551557556342
Roskilde,TRUE,16,2024-12-09,TRUE,3,5.417920213743906
Slagelse,TRUE,16,2024-12-09,TRUE,3,5.43055540829419
Solroed,TRUE,16,2024-12-09,TRUE,3,5.374078288462911
Soroe,FALSE,16,2024-12-09,TRUE,3,5.88662540090756
Stevns,TRUE,16,2024-12-09,TRUE,3,6.1996746985671924
Vordingborg,FALSE,16,2024-12-09,TRUE,3,5.397568353498801
Assens,FALSE,16,2024-12-09,TRUE,3,5.559014942426905
Billund,FALSE,16,2024-12-09,TRUE,3,5.370396065739328
Esbjerg,FALSE,16,2024-12-09,TRUE,3,6.030061387607312
Fanoe,FALSE,16,2024-12-09,TRUE,3,5.290828843587239
Fredericia,FALSE,16,2024-12-09,TRUE,3,4.84193617695398
Faaborg-Midtfyn,FALSE,16,2024-12-09,TRUE,3,5.606330583157835
Haderslev,FALSE,16,2024-12-09,TRUE,3,4.876521253816692
Kerteminde,TRUE,16,2024-12-09,TRUE,3,4.971389853031822
Kolding,FALSE,16,2024-12-09,TRUE,3,6.011886764281331
Langeland,TRUE,16,2024-12-09,TRUE,3,5.803106619640498
Middelfart,TRUE,16,2024-12-09,TRUE,3,5.625226923349588
Nordfyns,TRUE,16,2024-12-09,TRUE,3,4.863232263051086
Nyborg,FALSE,16,2024-12-09,TRUE,3,5.474022140121788
Odense,TRUE,16,2024-12-09,TRUE,3,5.048356243691909
Svendborg,TRUE,16,2024-12-09,TRUE,3,5.788021990609364
Soenderborg,TRUE,16,2024-12-09,TRUE,3,5.415428271076895
Toender,TRUE,16,2024-12-09,TRUE,3,4.822750869845056
Varde,TRUE,16,2024-12-09,TRUE,3,5.639349816120991
Vejen,TRUE,16,2024-12-09,TRUE,3,5.838074166243062
Vejle,TRUE,16,2024-12-09,TRUE,3,5.224308410608545
Aeroe,TRUE,16,2024-12-09,TRUE,3,5.40420876793193
Aabenraa,TRUE,16,2024-12-09,TRUE,3,5.482332519010693
Favrskov,FALSE,16,2024-12-09,TRUE,3,5.471693092589667
Hedensted,TRUE,16,2024-12-09,TRUE,3,5.80780600894071
Herning,FALSE,16,2024-12-09,TRUE,3,5.644514460808735
Holstebro,TRUE,16,2024-12-09,TRUE,3,5.171334920780015
Horsens,FALSE,16,2024-12-09,TRUE,3,5.195238154025097
Ikast-Brande,FALSE,16,2024-12-09,TRUE,3,5.403432892474449
Lemvig,TRUE,16,2024-12-09,TRUE,3,5.540536416284237
Norddjurs,FALSE,16,2024-12-09,TRUE,3,5.359393682276998
Odder,FALSE,16,2024-12-09,TRUE,3,5.426544530535175
Randers,FALSE,16,2024-12-09,TRUE,3,5.350601868421398
Ringkoebing-Skjern,FALSE,16,2024-12-09,TRUE,3,5.140722063711584
Samsoe,FALSE,16,2024-12-09,TRUE,3,5.719915547028923
Silkeborg,TRUE,16,2024-12-09,TRUE,3,5.566773833188737
Skanderborg,FALSE,16,2024-12-09,TRUE,3,5.688741576753122
Skive,FALSE,16,2024-12-09,TRUE,3,4.756019294775337
Struer,TRUE,16,2024-12-09,TRUE,3,5.3293312958699
Syddjurs,FALSE,16,2024-12-09,TRUE,3,5.63437201219576
Viborg,TRUE,16,2024-12-09,TRUE,3,5.68211567094381
Aarhus,TRUE,16,2024-12-09,TRUE,3,5.254103242610038
Broenderslev,FALSE,16,2024-12-09,TRUE,3,5.294924728765619
Frederikshavn,TRUE,16,2024-12-09,TRUE,3,5.617914190593952
Hjoerring,FALSE,16,2024-12-09,TRUE,3,5.793919245718955
Jammerbugt,TRUE,16,2024-12-09,TRUE,3,5.861762317955001
Laesoe,FALSE,16,2024-12-09,TRUE,3,5.893016235629287
Mariagerfjord,FALSE,16,2024-12-09,TRUE,3,5.1144556605524265
Morsoe,TRUE,16,2024-12-09,TRUE,3,5.617731717198514
Rebild,TRUE,16,2024-12-09,TRUE,3,5.235825543650485
Thisted,FALSE,16,2024-12-09,TRUE,3,5.522753729530223
Vesthimmerland,TRUE,16,2024-12-09,TRUE,3,4.9602347173756165
Aalborg,TRUE,16,2024-12-09,TRUE,3,5.5031260562649225
Albertslund,FALSE,17,2024-12-16,TRUE,4,5.585016507920859
Alleroed,FALSE,17,2024-12-16,TRUE,4,5.4684450098594235
Ballerup,FALSE,17,2024-12-16,TRUE,4,4.832697518350359
Bornholm,FALSE,17,2024-12-16,TRUE,4,5.525953378323217
Broendby,TRUE,17,2024-12-16,TRUE,4,5.166665090492977
Dragoer,TRUE,17,2024-12-16,TRUE,4,5.01412607870806
Egedal,FALSE,17,2024-12-16,TRUE,4,5.579305132003972
Fredensborg,FALSE,17,2024-12-16,TRUE,4,5.377106151388561
Frederiksberg,FALSE,17,2024-12-16,TRUE,4,5.006060434802843
Frederikssund,TRUE,17,2024-12-16,TRUE,4,5.219902826795202
Furesoe,FALSE,17,2024-12-16,TRUE,4,5.465741895390261
Gentofte,TRUE,17,2024-12-16,TRUE,4,5.333072251728157
Gladsaxe,FALSE,17,2024-12-16,TRUE,4,5.238664196632246
Glostrup,TRUE,17,2024-12-16,TRUE,4,5.181737413297569
Gribskov,TRUE,17,2024-12-16,TRUE,4,5.157597798623178
Halsnaes,FALSE,17,2024-12-16,TRUE,4,5.466771216296945
Helsingoer,TRUE,17,2024-12-16,TRUE,4,5.735270196898105
Herlev,FALSE,17,2024-12-16,TRUE,4,5.126579900495126
Hilleroed,FALSE,17,2024-12-16,TRUE,4,6.1667701375362425
Hvidovre,FALSE,17,2024-12-16,TRUE,4,5.634360271864232
Hoeje-Taastrup,FALSE,17,2024-12-16,TRUE,4,5.2392547654841275
Hoersholm,FALSE,17,2024-12-16,TRUE,4,5.45131916608402
Ishoej,FALSE,17,2024-12-16,TRUE,4,5.016855349885227
Koebenhavn,TRUE,17,2024-12-16,TRUE,4,5.12191445464379
Lyngby-Taarbaek,TRUE,17,2024-12-16,TRUE,4,5.2578193995135605
Rudersdal,TRUE,17,2024-12-16,TRUE,4,4.654992549208994
Roedovre,TRUE,17,2024-12-16,TRUE,4,5.21313065326699
Taarnby,TRUE,17,2024-12-16,TRUE,4,5.570095805823338
Vallensbaek,FALSE,17,2024-12-16,TRUE,4,6.016343551063452
Faxe,FALSE,17,2024-12-16,TRUE,4,5.406976183870249
Greve,TRUE,17,2024-12-16,TRUE,4,5.238626556843099
Guldborgsund,TRUE,17,2024-12-16,TRUE,4,5.834194881299463
Holbaek,TRUE,17,2024-12-16,TRUE,4,5.768983650838236
Kalundborg,TRUE,17,2024-12-16,TRUE,4,4.832038834302525
Koege,TRUE,17,2024-12-16,TRUE,4,5.348860911761371
Lejre,FALSE,17,2024-12-16,TRUE,4,5.61971033243784
Lolland,TRUE,17,2024-12-16,TRUE,4,5.424699437931524
Naestved,TRUE,17,2024-12-16,TRUE,4,5.323326637818159
Odsherred,FALSE,17,2024-12-16,TRUE,4,5.2202151659329115
Ringsted,FALSE,17,2024-12-16,TRUE,4,5.305549374232733
Roskilde,TRUE,17,2024-12-16,TRUE,4,5.419306640577673
Slagelse,TRUE,17,2024-12-16,TRUE,4,5.179337006046559
Solroed,TRUE,17,2024-12-16,TRUE,4,5.187090946803674
Soroe,FALSE,17,2024-12-16,TRUE,4,5.590732826997033
Stevns,TRUE,17,2024-12-16,TRUE,4,6.10953640739223
Vordingborg,FALSE,17,2024-12-16,TRUE,4,5.2404284285808975
Assens,FALSE,17,2024-12-16,TRUE,4,5.263253935909687
Billund,FALSE,17,2024-12-16,TRUE,4,5.2346736793907365
Esbjerg,FALSE,17,2024-12-16,TRUE,4,5.8415865187785165
Fanoe,FALSE,17,2024-12-16,TRUE,4,5.163182137123711
Fredericia,FALSE,17,2024-12-16,TRUE,4,4.664127111819867
Faaborg-Midtfyn,FALSE,17,2024-12-16,TRUE,4,5.515232102439833
Haderslev,FALSE,17,2024-12-16,TRUE,4,4.681279700083236
Kerteminde,TRUE,17,2024-12-16,TRUE,4,4.869301887003449
Kolding,FALSE,17,2024-12-16,TRUE,4,5.848607393481465
Langeland,TRUE,17,2024-12-16,TRUE,4,5.553739788729481
Middelfart,TRUE,17,2024-12-16,TRUE,4,5.410250963130239
Nordfyns,TRUE,17,2024-12-16,TRUE,4,4.8005715088348735
Nyborg,FALSE,17,2024-12-16,TRUE,4,5.200661469937518
Odense,TRUE,17,2024-12-16,TRUE,4,4.89923534125265
Svendborg,TRUE,17,2024-12-16,TRUE,4,5.626869762702228
Soenderborg,TRUE,17,2024-12-16,TRUE,4,5.230658669738108
Toender,TRUE,17,2024-12-16,TRUE,4,4.796554393285655
Varde,TRUE,17,2024-12-16,TRUE,4,5.534020963332015
Vejen,TRUE,17,2024-12-16,TRUE,4,5.747827445498885
Vejle,TRUE,17,2024-12-16,TRUE,4,5.053889645901188
Aeroe,TRUE,17,2024-12-16,TRUE,4,5.193682121453892
Aabenraa,TRUE,17,2024-12-16,TRUE,4,5.262755174373284
Favrskov,FALSE,17,2024-12-16,TRUE,4,5.298794125068245
Hedensted,TRUE,17,2024-12-16,TRUE,4,5.566525324114919
Herning,FALSE,17,2024-12-16,TRUE,4,5.483462010755419
Holstebro,TRUE,17,2024-12-16,TRUE,4,4.990418559598953
Horsens,FALSE,17,2024-12-16,TRUE,4,5.132589908897577
Ikast-Brande,FALSE,17,2024-12-16,TRUE,4,5.336856878211203
Lemvig,TRUE,17,2024-12-16,TRUE,4,5.483335356801199
Norddjurs,FALSE,17,2024-12-16,TRUE,4,5.360025253820824
Odder,FALSE,17,2024-12-16,TRUE,4,5.30284820475517
Randers,FALSE,17,2024-12-16,TRUE,4,5.196568852372239
Ringkoebing-Skjern,FALSE,17,2024-12-16,TRUE,4,4.925224925396046
Samsoe,FALSE,17,2024-12-16,TRUE,4,5.692942275524187
Silkeborg,TRUE,17,2024-12-16,TRUE,4,5.3852702993130315
Skanderborg,FALSE,17,2024-12-16,TRUE,4,5.456012449539335
Skive,FALSE,17,2024-12-16,TRUE,4,4.514935999598687
Struer,TRUE,17,2024-12-16,TRUE,4,5.13615287740816
Syddjurs,FALSE,17,2024-12-16,TRUE,4,5.45124443754228
Viborg,TRUE,17,2024-12-16,TRUE,4,5.534325493412822
Aarhus,TRUE,17,2024-12-16,TRUE,4,5.224327042647337
Broenderslev,FALSE,17,2024-12-16,TRUE,4,5.09210524326256
Frederikshavn,TRUE,17,2024-12-16,TRUE,4,5.568183788291919
Hjoerring,FALSE,17,2024-12-16,TRUE,4,5.5008051502653394
Jammerbugt,TRUE,17,2024-12-16,TRUE,4,5.622711589055932
Laesoe,FALSE,17,2024-12-16,TRUE,4,5.524947388184639
Mariagerfjord,FALSE,17,2024-12-16,TRUE,4,5.220946183076654
Morsoe,TRUE,17,2024-12-16,TRUE,4,5.241769823051184
Rebild,TRUE,17,2024-12-16,TRUE,4,5.020601147825967
Thisted,FALSE,17,2024-12-16,TRUE,4,5.149349498941718
Vesthimmerland,TRUE,17,2024-12-16,TRUE,4,4.850384702021667
Aalborg,TRUE,17,2024-12-16,TRUE,4,5.176048780667224
Albertslund,FALSE,18,2024-12-23,TRUE,5,2.4310413618137408
Alleroed,FALSE,18,2024-12-23,TRUE,5,2.327200869910015
Ballerup,FALSE,18,2024-12-23,TRUE,5,2.133077797451218
Bornholm,FALSE,18,2024-12-23,TRUE,5,2.35799639272002
Broendby,TRUE,18,2024-12-23,TRUE,5,2.1366327189337855
Dragoer,TRUE,18,2024-12-23,TRUE,5,2.1661531991910876
Egedal,FALSE,18,2024-12-23,TRUE,5,2.4818539637967234
Fredensborg,FALSE,18,2024-12-23,TRUE,5,2.422180360835032
Frederiksberg,FALSE,18,2024-12-23,TRUE,5,2.2431199637417985
Frederikssund,TRUE,18,2024-12-23,TRUE,5,2.2583288717215924
Furesoe,FALSE,18,2024-12-23,TRUE,5,2.396768772515869
Gentofte,TRUE,18,2024-12-23,TRUE,5,2.259978990682643
Gladsaxe,FALSE,18,2024-12-23,TRUE,5,2.2784129540895943
Glostrup,TRUE,18,2024-12-23,TRUE,5,2.2397722811461187
Gribskov,TRUE,18,2024-12-23,TRUE,5,2.2119903812807062
Halsnaes,FALSE,18,2024-12-23,TRUE,5,2.4320779264133656
Helsingoer,TRUE,18,2024-12-23,TRUE,5,2.5279620808146834
Herlev,FALSE,18,2024-12-23,TRUE,5,2.1998002522016664
Hilleroed,FALSE,18,2024-12-23,TRUE,5,2.7672701801233113
Hvidovre,FALSE,18,2024-12-23,TRUE,5,2.5307142865407437
Hoeje-Taastrup,FALSE,18,2024-12-23,TRUE,5,2.3498596183310045
Hoersholm,FALSE,18,2024-12-23,TRUE,5,2.4212638739284325
Ishoej,FALSE,18,2024-12-23,TRUE,5,2.3080633183490202
Koebenhavn,TRUE,18,2024-12-23,TRUE,5,2.2959640402065613
Lyngby-Taarbaek,TRUE,18,2024-12-23,TRUE,5,2.23334581726172
Rudersdal,TRUE,18,2024-12-23,TRUE,5,2.0478724261532504
Roedovre,TRUE,18,2024-12-23,TRUE,5,2.287061428276465
Taarnby,TRUE,18,2024-12-23,TRUE,5,2.4503181829088927
Vallensbaek,FALSE,18,2024-12-23,TRUE,5,2.506082080301624
Faxe,FALSE,18,2024-12-23,TRUE,5,2.364029257654929
Greve,TRUE,18,2024-12-23,TRUE,5,2.306613849692207
Guldborgsund,TRUE,18,2024-12-23,TRUE,5,2.5248125025620163
Holbaek,TRUE,18,2024-12-23,TRUE,5,2.4643350916016904
Kalundborg,TRUE,18,2024-12-23,TRUE,5,2.157535292612357
Koege,TRUE,18,2024-12-23,TRUE,5,2.34664161904774
Lejre,FALSE,18,2024-12-23,TRUE,5,2.4600287930987177
Lolland,TRUE,18,2024-12-23,TRUE,5,2.3618374533725497
Naestved,TRUE,18,2024-12-23,TRUE,5,2.3257866623009082
Odsherred,FALSE,18,2024-12-23,TRUE,5,2.335479137959828
Ringsted,FALSE,18,2024-12-23,TRUE,5,2.3043310735212286
Roskilde,TRUE,18,2024-12-23,TRUE,5,2.2940482605011736
Slagelse,TRUE,18,2024-12-23,TRUE,5,2.264743573497864
Solroed,TRUE,18,2024-12-23,TRUE,5,2.2815938412013774
Soroe,FALSE,18,2024-12-23,TRUE,5,2.4646826443499803
Stevns,TRUE,18,2024-12-23,TRUE,5,2.605064300779963
Vordingborg,FALSE,18,2024-12-23,TRUE,5,2.2942509591778815
Assens,FALSE,18,2024-12-23,TRUE,5,2.3354659181540645
Billund,FALSE,18,2024-12-23,TRUE,5,2.374932800998735
Esbjerg,FALSE,18,2024-12-23,TRUE,5,2.568600830429524
Fanoe,FALSE,18,2024-12-23,TRUE,5,2.2409689582378736
Fredericia,FALSE,18,2024-12-23,TRUE,5,2.101600670392101
Faaborg-Midtfyn,FALSE,18,2024-12-23,TRUE,5,2.41110306349162
Haderslev,FALSE,18,2024-12-23,TRUE,5,2.157235582247903
Kerteminde,TRUE,18,2024-12-23,TRUE,5,2.1599470625645516
Kolding,FALSE,18,2024-12-23,TRUE,5,2.552335488199165
Langeland,TRUE,18,2024-12-23,TRUE,5,2.4619129254320966
Middelfart,TRUE,18,2024-12-23,TRUE,5,2.4019614520794756
Nordfyns,TRUE,18,2024-12-23,TRUE,5,2.013440731976014
Nyborg,FALSE,18,2024-12-23,TRUE,5,2.288308197299928
Odense,TRUE,18,2024-12-23,TRUE,5,2.083089231831807
Svendborg,TRUE,18,2024-12-23,TRUE,5,2.4356517258365122
Soenderborg,TRUE,18,2024-12-23,TRUE,5,2.250805276098696
Toender,TRUE,18,2024-12-23,TRUE,5,2.047692769515054
Varde,TRUE,18,2024-12-23,TRUE,5,2.4079785718561357
Vejen,TRUE,18,2024-12-23,TRUE,5,2.4702493560537304
Vejle,TRUE,18,2024-12-23,TRUE,5,2.239408546502756
Aeroe,TRUE,18,2024-12-23,TRUE,5,2.23690519578896
Aabenraa,TRUE,18,2024-12-23,TRUE,5,2.3338356452532434
Favrskov,FALSE,18,2024-12-23,TRUE,5,2.326442829069211
Hedensted,TRUE,18,2024-12-23,TRUE,5,2.4789390442817387
Herning,FALSE,18,2024-12-23,TRUE,5,2.4007016417019837
Holstebro,TRUE,18,2024-12-23,TRUE,5,2.1643558813125217
Horsens,FALSE,18,2024-12-23,TRUE,5,2.198130102278656
Ikast-Brande,FALSE,18,2024-12-23,TRUE,5,2.4162353609247087
Lemvig,TRUE,18,2024-12-23,TRUE,5,2.405229809682921
Norddjurs,FALSE,18,2024-12-23,TRUE,5,2.304263206269396
Odder,FALSE,18,2024-12-23,TRUE,5,2.2993589771992937
Randers,FALSE,18,2024-12-23,TRUE,5,2.3165000251096695
Ringkoebing-Skjern,FALSE,18,2024-12-23,TRUE,5,2.1650669837192917
Samsoe,FALSE,18,2024-12-23,TRUE,5,2.4932179787277597
Silkeborg,TRUE,18,2024-12-23,TRUE,5,2.398797343907527
Skanderborg,FALSE,18,2024-12-23,TRUE,5,2.456024006934861
Skive,FALSE,18,2024-12-23,TRUE,5,2.065827375104993
Struer,TRUE,18,2024-12-23,TRUE,5,2.202542314293948
Syddjurs,FALSE,18,2024-12-23,TRUE,5,2.528974946253978
Viborg,TRUE,18,2024-12-23,TRUE,5,2.3658471392994116
Aarhus,TRUE,18,2024-12-23,TRUE,5,2.217658444526255
Broenderslev,FALSE,18,2024-12-23,TRUE,5,2.2877041559003186
Frederikshavn,TRUE,18,2024-12-23,TRUE,5,2.410169115160286
Hjoerring,FALSE,18,2024-12-23,TRUE,5,2.3852158783290816
Jammerbugt,TRUE,18,2024-12-23,TRUE,5,2.4191431312885694
Laesoe,FALSE,18,2024-12-23,TRUE,5,2.610068357664604
Mariagerfjord,FALSE,18,2024-12-23,TRUE,5,2.3517713984039155
Morsoe,TRUE,18,2024-12-23,TRUE,5,2.2265525815480474
Rebild,TRUE,18,2024-12-23,TRUE,5,2.246791318579233
Thisted,FALSE,18,2024-12-23,TRUE,5,2.39075296959053
Vesthimmerland,TRUE,18,2024-12-23,TRUE,5,2.10364512244163
Aalborg,TRUE,18,2024-12-23,TRUE,5,2.291510262621571
