channel,current_spend_dkk,optimal_spend_dkk,change_pct,low_confidence_estimate
tv_linear,705250.7406006077,423150.44436036464,-40,FALSE
online_video,159031.87560073077,101292.9572300489,-36.30650657459552,FALSE
social_prospecting,139932.3058959692,192847.982817445,37.81519684297581,FALSE
social_retargeting,50012.88963296154,70018.04548614615,39.99999999999999,TRUE
search_brand,48406.02125475385,67768.42975665539,40,TRUE
search_nonbrand,109668.96538860768,153536.55154405074,39.999999999999986,FALSE
programmatic_display,92218.71364396154,129106.19910154615,39.99999999999999,FALSE
ooh,228305.77468795385,319628.08456313534,39.99999999999998,FALSE
leaflets,188696.47961538463,264175.07146153843,39.99999999999998,FALSE
