iso_year,iso_week,temperature_c,precipitation_mm,week_start
2022,1,2.442857142857143,16.549999999999997,2022-01-03
2022,2,3.75,2.0999999999999996,2022-01-10
2022,3,3.185714285714286,4.249999999999999,2022-01-17
2022,4,5.2785714285714285,6.05,2022-01-24
2022,5,3.3285714285714287,23.150000000000002,2022-01-31
2022,6,3.607142857142857,2.75,2022-02-07
2022,7,4.557142857142857,43.60000000000001,2022-02-14
2022,8,3.8714285714285714,22.9,2022-02-21
2022,9,1.6142857142857143,0.05,2022-02-28
2022,10,2.6,0,2022-03-07
2022,11,4.4714285714285715,2.1,2022-03-14
2022,12,6.214285714285714,0,2022-03-21
2022,13,2.6714285714285717,3.2,2022-03-28
2022,14,4.692857142857143,28.300000000000004,2022-04-04
2022,15,6.464285714285714,2.6,2022-04-11
2022,16,8.571428571428571,1.3,2022-04-18
2022,17,7.9714285714285715,1.45,2022-04-25
2022,18,10.214285714285714,0.95,2022-05-02
2022,19,11.878571428571428,12.3,2022-05-09
2022,20,12.978571428571428,16.650000000000002,2022-05-16
2022,21,12.457142857142857,20.500000000000007,2022-05-23
2022,22,12.128571428571428,17.950000000000003,2022-05-30
2022,23,14.742857142857142,16.45,2022-06-06
2022,24,14.857142857142858,14.850000000000001,2022-06-13
2022,25,16.75,4.3,2022-06-20
2022,26,17.821428571428573,21.8,2022-06-27
2022,27,15.807142857142857,8.950000000000001,2022-07-04
2022,28,16.607142857142858,4,2022-07-11
2022,29,18.72142857142857,10.599999999999998,2022-07-18
2022,30,16.178571428571427,18.9,2022-07-25
2022,31,16.742857142857144,12,2022-08-01
2022,32,18.25,1.8,2022-08-08
2022,33,20.05,9.25,2022-08-15
2022,34,18.792857142857144,21.15,2022-08-22
2022,35,15.885714285714286,0.7,2022-08-29
2022,36,16.135714285714286,23.45,2022-09-05
2022,37,13.621428571428572,11.1,2022-09-12
2022,38,12.035714285714285,2.3000000000000003,2022-09-19
2022,39,11.32857142857143,41.49999999999999,2022-09-26
2022,40,12.907142857142857,4.3999999999999995,2022-10-03
2022,41,11.571428571428571,12.100000000000001,2022-10-10
2022,42,10.871428571428572,12.85,2022-10-17
2022,43,13.014285714285714,9.799999999999999,2022-10-24
2022,44,10.878571428571428,9,2022-10-31
2022,45,11.792857142857143,6.050000000000001,2022-11-07
2022,46,5.885714285714286,2.75,2022-11-14
2022,47,5.142857142857143,11.250000000000002,2022-11-21
2022,48,4.107142857142857,8.75,2022-11-28
2022,49,-0.021428571428571387,9.5,2022-12-05
2022,50,-2.707142857142857,5.5,2022-12-12
2022,51,3.4642857142857144,17.25,2022-12-19
2022,52,6.0285714285714285,35.05,2022-12-26
2023,1,5.671428571428572,48.650000000000006,2023-01-02
2023,2,5.642857142857143,32.199999999999996,2023-01-09
2023,3,1.6857142857142857,14.05,2023-01-16
2023,4,1.4214285714285715,2.35,2023-01-23
2023,5,2.5214285714285714,18.200000000000003,2023-01-30
2023,6,3.492857142857143,0.25,2023-02-06
2023,7,4.392857142857142,8.25,2023-02-13
2023,8,3.814285714285714,14.450000000000001,2023-02-20
2023,9,1.8928571428571428,0.5,2023-02-27
2023,10,0.11428571428571424,12.05,2023-03-06
2023,11,5.15,23.500000000000004,2023-03-13
2023,12,6.7,23.25,2023-03-20
2023,13,4.05,22.649999999999995,2023-03-27
2023,14,4.328571428571428,0.65,2023-04-03
2023,15,7.521428571428571,25.2,2023-04-10
2023,16,9.242857142857144,5.05,2023-04-17
2023,17,6.9071428571428575,9.15,2023-04-24
2023,18,7.807142857142857,1,2023-05-01
2023,19,12.65,0.30000000000000004,2023-05-08
2023,20,11.457142857142857,5.6,2023-05-15
2023,21,13.057142857142857,5.6499999999999995,2023-05-22
2023,22,13.492857142857144,0,2023-05-29
2023,23,15.642857142857142,0,2023-06-05
2023,24,17.72142857142857,4.5,2023-06-12
2023,25,18.792857142857144,7.15,2023-06-19
2023,26,17.47142857142857,22.750000000000004,2023-06-26
2023,27,16.192857142857143,19.05,2023-07-03
2023,28,17.857142857142858,48.550000000000004,2023-07-10
2023,29,15.357142857142858,27,2023-07-17
2023,30,16.385714285714286,12.100000000000001,2023-07-24
2023,31,16.357142857142858,35.849999999999994,2023-07-31
2023,32,15.42142857142857,40.25000000000001,2023-08-07
2023,33,17.95,20.450000000000003,2023-08-14
2023,34,17.357142857142858,26.650000000000002,2023-08-21
2023,35,15.3,15.749999999999998,2023-08-28
2023,36,18.014285714285712,0,2023-09-04
2023,37,16.335714285714285,5.1000000000000005,2023-09-11
2023,38,16.52857142857143,23.7,2023-09-18
2023,39,15.82857142857143,3.5999999999999996,2023-09-25
2023,40,13.428571428571429,26.4,2023-10-02
2023,41,11.642857142857142,17.25,2023-10-09
2023,42,8.442857142857143,23.6,2023-10-16
2023,43,8.592857142857143,50.8,2023-10-23
2023,44,8.835714285714285,34.800000000000004,2023-10-30
2023,45,7.7,18.95,2023-11-06
2023,46,4.707142857142857,70.35,2023-11-13
2023,47,3.321428571428571,11,2023-11-20
2023,48,-2.2,10.35,2023-11-27
2023,49,1.7714285714285716,16.75,2023-12-04
2023,50,3.2928571428571427,6.749999999999999,2023-12-11
2023,51,4.535714285714286,27.250000000000004,2023-12-18
2023,52,4.921428571428572,28.700000000000003,2023-12-25
2024,1,-1.4499999999999997,30.3,2024-01-01
2024,2,-1.2714285714285716,1.7999999999999998,2024-01-08
2024,3,-0.7571428571428572,16.65,2024-01-15
2024,4,5.042857142857143,24.95,2024-01-22
2024,5,5.385714285714286,7.95,2024-01-29
2024,6,2.1,48.6,2024-02-05
2024,7,4.435714285714286,31.5,2024-02-12
2024,8,5.5,13.899999999999999,2024-02-19
2024,9,4.35,6.950000000000001,2024-02-26
2024,10,2.4642857142857144,3.25,2024-03-04
2024,11,5.507142857142857,3.4499999999999997,2024-03-11
2024,12,4.9714285714285715,15.35,2024-03-18
2024,13,6.45,10.95,2024-03-25
2024,14,7.0285714285714285,48.3,2024-04-01
2024,15,10.128571428571428,14.9,2024-04-08
2024,16,5.328571428571428,13.6,2024-04-15
2024,17,5.6571428571428575,23.450000000000003,2024-04-22
2024,18,12.25,6.6000000000000005,2024-04-29
2024,19,10.9,3.1999999999999997,2024-05-06
2024,20,14.971428571428572,0.05,2024-05-13
2024,21,15.914285714285715,6.25,2024-05-20
2024,22,16.32857142857143,26.000000000000004,2024-05-27
2024,23,12.835714285714285,16.6,2024-06-03
2024,24,13.071428571428571,23.85,2024-06-10
2024,25,14.871428571428572,20.75,2024-06-17
2024,26,17.27857142857143,19.15,2024-06-24
2024,27,14.57857142857143,28.049999999999997,2024-07-01
2024,28,16.79285714285714,40.199999999999996,2024-07-08
2024,29,17.435714285714287,13.850000000000001,2024-07-15
2024,30,17.2,26.900000000000002,2024-07-22
2024,31,17.12857142857143,9.7,2024-07-29
2024,32,17.77857142857143,23.999999999999996,2024-08-05
2024,33,17.821428571428573,10.400000000000002,2024-08-12
2024,34,17.07857142857143,19.849999999999998,2024-08-19
2024,35,17.235714285714288,5.499999999999999,2024-08-26
2024,36,20.02857142857143,0.8,2024-09-02
2024,37,13.271428571428572,28.35,2024-09-09
2024,38,15.214285714285715,0.3,2024-09-16
2024,39,13.035714285714286,42.300000000000004,2024-09-23
2024,40,10.457142857142857,0.44999999999999996,2024-09-30
2024,41,11.3,36.099999999999994,2024-10-07
2024,42,11,1.7000000000000002,2024-10-14
2024,43,11.371428571428572,8.349999999999998,2024-10-21
2024,44,10.057142857142857,2.7,2024-10-28
2024,45,8.407142857142857,1.7,2024-11-04
2024,46,7.514285714285714,2.85,2024-11-11
2024,47,2.107142857142857,17.35,2024-11-18
2024,48,6.228571428571429,14.3,2024-11-25
2024,49,4.964285714285714,14.649999999999999,2024-12-02
2024,50,2.7357142857142858,2.4,2024-12-09
2024,51,6.978571428571429,22.099999999999998,2024-12-16
2024,52,5.571428571428571,7.800000000000001,2024-12-23
2025,1,2.9714285714285715,34.599999999999994,2024-12-30
2025,2,1.9,24.049999999999997,2025-01-06
2025,3,3.6214285714285714,0.35,2025-01-13
2025,4,2.9357142857142855,12.65,2025-01-20
2025,5,3.6,7.749999999999999,2025-01-27
2025,6,2.407142857142857,2.1499999999999995,2025-02-03
2025,7,-0.5928571428571429,2.3000000000000003,2025-02-10
2025,8,1.4714285714285715,5.8,2025-02-17
2025,9,4.171428571428572,5.95,2025-02-24
2025,10,7.085714285714285,0,2025-03-03
2025,11,3.3142857142857145,10.15,2025-03-10
2025,12,4.857142857142857,0.2,2025-03-17
2025,13,7.042857142857143,10.65,2025-03-24
2025,14,7.15,0,2025-03-31
2025,15,8.857142857142858,1.6,2025-04-07
2025,16,10.042857142857143,32.24999999999999,2025-04-14
2025,17,9.021428571428572,3.1,2025-04-21
2025,18,11.85,11.15,2025-04-28
2025,19,10.42142857142857,0.35,2025-05-05
2025,20,12.442857142857143,1.7,2025-05-12
2025,21,12.028571428571428,17.9,2025-05-19
2025,22,13.592857142857143,23.1,2025-05-26
2025,23,13.564285714285715,27.950000000000003,2025-06-02
2025,24,14.414285714285715,17,2025-06-09
2025,25,17.3,7.8,2025-06-16
2025,26,16.514285714285716,18.1,2025-06-23
2025,27,17.835714285714285,9.549999999999999,2025-06-30
2025,28,17.257142857142856,14.2,2025-07-07
2025,29,19.15,35.4,2025-07-14
2025,30,19.37857142857143,34.849999999999994,2025-07-21
2025,31,17.37142857142857,13.95,2025-07-28
2025,32,16.87142857142857,13.6,2025-08-04
2025,33,18.757142857142856,1.2000000000000002,2025-08-11
2025,34,15.792857142857143,1.05,2025-08-18
2025,35,17.071428571428573,4.45,2025-08-25
2025,36,17.5,10.75,2025-09-01
2025,37,16.392857142857142,25.65,2025-09-08
2025,38,16.1,10.549999999999999,2025-09-15
2025,39,12.271428571428572,0.35,2025-09-22
2025,40,11.542857142857143,37.4,2025-09-29
2025,41,12.814285714285715,10.000000000000002,2025-10-06
2025,42,9.3,1.75,2025-10-13
2025,43,10.564285714285715,20.9,2025-10-20
2025,44,8.935714285714285,38.95,2025-10-27
2025,45,9.785714285714286,4.7,2025-11-03
2025,46,6.835714285714285,6.5,2025-11-10
2025,47,1.9857142857142858,11.7,2025-11-17
2025,48,5.035714285714286,14.850000000000001,2025-11-24
2025,49,5.607142857142857,14,2025-12-01
2025,50,8.135714285714286,13.699999999999998,2025-12-08
2025,51,6.671428571428572,1.45,2025-12-15
2025,52,2.692857142857143,0,2025-12-22
2026,1,2.4000000000000004,0.1,2025-12-29
