dato;butiksomsaetning_dkk;webshop_omsaetning_dkk
08/03/2025;3035904,49;845608,05
11/09/2024;1754444,49;360081,08
06/11/2025;1475562,56;500403,11
07/08/2022;1410705,18;384581,05
11/12/2024;3187541,71;846336,43
08/04/2024;2981930,26;977924,72
18/11/2023;2597166,95;829882,12
06/02/2025;2133983,38;457299,16
26/09/2023;1418559,65;451315,50
22/08/2025;1906256,81;649335,74
25/04/2024;3034200,46;872617,13
02/09/2025;1542602,14;431762,94
21/02/2025;2372146,96;716628,55
06/01/2024;1968904,86;518046,91
16/10/2022;1144138,72;266987,01
31/12/2023;1704217,32;389909,46
27/12/2023;1557720,87;490486,71
07/06/2024;3662759,98;1117349,98
03/09/2023;1286251,92;447220,06
12/08/2024;1515159,69;373714,89
03/05/2023;3067440,25;922911,11
31/12/2022;2780683,51;673939,90
30/07/2024;1766230,97;411001,29
16/10/2025;1632071,28;495761,05
29/10/2024;1453249,89;337950,40
30/05/2023;2732010,58;620261,78
16/05/2023;2648073,32;689137,83
22/01/2024;1529916,75;432232,94
14/08/2023;1233094,10;520057,22
27/09/2024;1892800,39;673240,28
24/12/2024;1128832,48;352779,30
08/07/2023;2779912,58;727863,31
21/07/2024;1327095,56;453489,50
15/02/2024;1695290,31;490562,75
01/08/2022;1242712,87;314006,71
05/12/2022;1293108,29;372749,05
28/02/2023;1411333,03;389601,64
28/01/2022;2147634,13;638265,87
18/06/2023;2427117,72;791760,94
22/10/2023;1204838,24;405867,35
12/08/2025;1713282,82;473458,79
02/01/2023;975607,45;210728,01
24/07/2025;1695645,33;566602,24
23/10/2022;1206128,80;382780,96
24/12/2022;2857782,50;767862,70
09/06/2023;3522070,46;990362,75
04/09/2022;1462959,02;410584,87
16/01/2023;1023770,39;209070,67
24/05/2022;2849341,92;807105,51
20/07/2024;2920501,57;851477,40
11/04/2025;3680608,78;662233,73
24/06/2023;4659095,47;1378218,58
09/11/2024;2770370,72;565026,23
05/11/2023;1315515,87;412747,86
18/05/2023;3029658,79;819794,87
24/07/2023;1229746,43;320522,73
12/08/2023;2284354,23;715110,81
13/09/2024;1954327,47;477905,28
11/09/2025;1841442,74;481614,54
17/02/2022;1865878,10;458009,85
10/06/2022;3968324,41;744406,61
18/10/2022;1287780,80;389648,42
19/04/2024;4071751,20;1301763,04
02/11/2025;1462131,33;426620,08
12/06/2023;2352190,52;654497,62
21/09/2023;1662957,12;416408,84
31/08/2022;1512647,73;335953,36
25/01/2022;1744495,32;364279,11
02/08/2024;2278056,57;595929,67
21/10/2024;1279093,35;327618,87
08/02/2024;1674663,37;619125,37
11/01/2025;2231571,20;616841,51
28/11/2023;2862120,77;579185,67
25/07/2023;1368420,45;318472,44
18/03/2024;1603484,92;515989,48
02/11/2022;1500123,58;385323,31
14/09/2023;1972009,45;439135,19
09/10/2022;1262753,14;370993,42
15/05/2023;2435083,38;777683,15
11/03/2022;2204016,68;541469,53
08/09/2025;1347204,40;361949,82
17/06/2025;2575237,56;717991,52
25/01/2023;1501189,39;293499,80
28/07/2024;1372510,61;466890,22
01/04/2023;2733812,01;774033,16
10/03/2023;1914486,71;642878,32
15/07/2022;1748372,02;500716,14
22/06/2024;5515329,06;1559978,60
06/01/2023;1509840,57;330662,14
24/11/2022;3293416,53;773513,60
10/05/2022;2408458,12;698743,08
11/12/2022;1354269,35;534757,43
29/04/2025;2989871,11;978717,23
12/06/2022;2492697,72;852048,69
26/02/2023;1601992,39;431870,27
21/01/2024;981047,24;359322,56
17/02/2023;1817776,00;634849,63
16/11/2023;1811296,30;413346,12
04/09/2023;1353862,85;341903,45
20/02/2024;1605724,39;514668,13
26/08/2025;1506985,92;395294,85
06/12/2024;2151084,00;624313,47
21/07/2022;1623979,07;400880,32
22/04/2025;2944829,07;603445,69
29/11/2022;2875561,16;1117015,99
11/10/2025;2716454,92;603414,38
06/06/2023;2552800,36;895983,42
27/12/2022;1371868,26;460812,51
13/05/2025;2872709,85;783398,71
30/06/2024;2414322,34;748072,56
30/05/2022;2194340,75;820343,74
02/06/2025;2316399,64;749680,45
18/01/2023;1070851,65;280048,64
14/07/2022;1583539,51;447748,75
24/02/2025;1507305,47;501985,93
22/12/2022;1667000,52;573398,59
06/07/2025;2245656,91;613444,13
12/02/2022;3140929,26;845627,38
10/07/2025;1774593,69;553630,67
22/08/2023;1356955,57;472382,59
23/02/2023;1671384,53;494983,74
29/03/2025;3448775,42;668149,57
04/01/2025;2957747,60;826297,54
23/03/2024;2889293,71;748185,97
09/02/2024;2023032,80;567621,11
10/06/2025;2767673,67;612392,17
01/09/2024;1641721,79;568635,27
19/04/2025;5812998,02;1582063,70
05/04/2022;2227576,40;533151,22
25/03/2024;2063603,07;485486,81
11/06/2023;2500125,02;806811,73
23/07/2025;1633283,37;498140,82
14/01/2024;1067718,86;310420,88
14/11/2025;2174903,44;475709,99
04/03/2022;2131200,30;620767,16
18/12/2023;1498769,31;372816,82
22/02/2023;1469665,46;516190,18
28/08/2024;2054955,89;431065,98
17/08/2024;2899354,44;1055527,62
26/02/2022;3430724,92;622722,31
22/10/2024;1376180,50;491956,94
20/05/2024;2795243,38;925033,94
09/08/2024;1889779,15;502822,29
13/01/2022;1202769,63;393819,52
02/10/2023;1175465,50;387220,10
12/11/2025;1600796,78;385358,95
25/10/2023;1449464,37;478669,76
25/03/2022;2080048,42;630347,74
13/06/2025;3760530,19;1142779,65
01/08/2025;2023878,29;462666,06
20/01/2024;2123732,76;685680,50
04/06/2024;2621956,24;859036,74
21/06/2025;5356074,61;989129,88
11/02/2024;1600960,76;464501,20
01/05/2023;2488873,57;643718,68
27/01/2025;1425905,14;481926,96
01/05/2022;2243871,89;888080,47
27/04/2024;5018656,78;2006682,50
28/02/2022;1299250,79;410747,34
23/06/2022;2891673,62;942293,94
25/03/2023;2644754,64;768167,43
08/08/2023;1228577,59;404002,20
09/07/2022;2729569,55;834018,10
26/01/2024;2204488,81;428566,41
13/12/2025;4707644,48;1199399,15
19/12/2022;1529562,09;443669,60
15/04/2023;5597083,47;1311192,73
23/10/2025;1730075,22;410951,92
05/04/2025;3341608,81;815058,35
17/10/2024;1747935,84;470536,21
22/11/2024;4611506,76;1220578,96
19/02/2023;1660705,79;483057,78
13/01/2023;1464208,05;426199,71
15/12/2023;2973917,17;922965,17
02/07/2022;4741285,09;954061,60
13/05/2024;2595639,85;709428,19
31/10/2025;2056125,66;555814,20
10/11/2025;1444787,51;434988,77
13/04/2023;3195748,52;1065735,21
10/12/2022;2422494,23;712741,34
15/10/2024;1418495,17;391405,68
06/09/2023;1536687,72;425871,07
22/12/2025;893639,51;376121,53
04/08/2022;1570362,47;386330,21
20/09/2023;1661993,88;399857,36
14/05/2024;2959800,73;627269,72
14/03/2023;1483666,66;434823,01
19/12/2024;2914455,22;866223,67
23/05/2024;3956570,58;682697,14
29/11/2023;3127062,07;809896,45
14/08/2025;1739936,34;636823,28
24/10/2024;1657678,41;504565,01
05/04/2023;3213543,15;696761,85
27/08/2022;2791947,67;737651,87
13/03/2024;1596900,56;692311,82
02/02/2024;1930436,24;673987,44
05/04/2024;3362345,94;966566,25
18/03/2023;2820695,97;727744,43
14/10/2022;1517510,30;505850,75
20/12/2022;1759769,41;413708,71
19/03/2024;1682064,33;429522,58
27/05/2024;2738651,08;752361,05
10/07/2022;1406747,60;352056,66
13/08/2022;2642362,65;539662,01
26/11/2024;3491369,92;986039,96
15/07/2023;2618972,01;605943,50
27/05/2023;4489288,47;1350821,90
05/11/2025;1524208,95;467766,82
30/01/2024;1583338,26;329143,76
07/10/2025;1392660,28;375999,97
04/04/2023;2421660,98;580598,78
01/03/2025;3125948,39;886925,33
28/09/2024;2941956,41;578323,79
18/10/2025;2754859,65;727521,65
19/11/2023;1459116,30;401306,88
06/05/2024;2525578,94;756392,32
11/06/2024;2725534,29;814416,75
22/07/2022;1880297,88;582898,58
03/01/2023;1145241,96;254951,37
02/05/2022;2123271,29;580476,36
13/02/2024;1481446,94;455844,00
30/09/2022;1544483,17;451101,03
04/11/2025;1379129,92;425110,39
12/12/2024;2789933,74;1103485,44
31/01/2023;1413004,80;340143,15
01/11/2025;2564141,40;886259,13
26/08/2022;2041763,84;479989,17
03/03/2023;1948236,07;511210,96
13/11/2023;1291656,12;465084,75
31/05/2025;5683396,59;1738304,33
09/03/2025;1690907,43;466914,47
08/06/2025;2639354,60;811871,79
25/01/2024;1689195,42;442131,21
11/02/2023;2766959,62;805680,34
02/04/2023;1479898,18;299731,51
04/10/2022;1109375,29;449841,31
04/06/2023;2470295,92;730679,50
02/06/2024;2886710,66;604913,06
26/10/2023;1642213,56;447065,01
27/11/2023;2402649,42;760317,60
07/06/2023;2429938,07;882475,57
19/05/2022;2471640,40;803993,97
10/08/2022;1464561,83;398905,65
22/01/2022;2072578,66;533947,52
26/03/2025;1900412,52;463244,81
31/05/2022;2350285,45;854185,22
29/06/2023;2655236,37;833595,36
03/06/2022;3264534,69;1054404,70
21/05/2025;2745921,96;749340,25
18/04/2024;3524401,45;878559,90
08/12/2023;1813560,30;733842,96
07/02/2025;2158940,08;738487,04
19/07/2022;1335027,01;366628,12
03/12/2022;5281999,85;1592099,98
16/10/2024;1584925,09;546956,49
06/03/2025;1956243,08;626435,45
10/09/2022;2392540,01;743775,08
07/04/2024;2675816,57;851756,94
22/10/2025;1382706,06;436697,24
04/04/2022;2060211,72;666074,69
02/10/2022;1265389,83;366444,48
06/07/2022;1515693,52;457840,45
04/09/2024;1904327,64;417430,28
01/05/2025;3258840,46;978499,77
27/09/2023;1430497,27;466750,30
25/06/2023;2182180,65;677314,21
05/03/2025;1754423,02;535973,89
04/12/2022;2811270,35;1004285,36
19/03/2023;1453950,47;402626,17
04/07/2022;1357828,17;446029,46
10/03/2024;1803508,11;396122,09
06/04/2025;1849361,60;520579,15
09/10/2024;1480493,73;551069,43
06/03/2024;1860000,50;463367,38
26/01/2025;1929721,22;380299,10
15/04/2024;2476954,08;767449,95
16/01/2025;1484388,18;369761,77
15/09/2024;1384316,36;373890,77
05/12/2025;2010621,05;618672,83
16/03/2022;1613142,88;507984,53
12/09/2025;1859557,65;424576,60
02/05/2023;2792480,27;707215,53
17/02/2024;2789955,68;854256,06
21/06/2024;4126942,21;995931,80
16/10/2023;1177322,63;330982,04
15/06/2024;4952954,90;1961824,80
17/06/2022;3351697,14;954430,42
05/08/2023;2210814,80;819844,70
15/01/2025;1304029,02;384202,84
14/12/2024;4710123,08;1229638,33
23/12/2024;1021756,45;291371,68
20/08/2023;1404277,77;349944,42
12/06/2024;2941805,74;1049475,45
17/12/2023;2394518,03;576704,11
29/09/2024;1436165,28;406291,82
03/11/2023;2014234,96;520740,17
14/12/2025;2608977,94;833060,89
12/07/2025;2557127,25;889505,59
29/09/2023;1685584,57;394711,72
26/12/2025;1463908,87;562463,60
12/01/2024;1476728,58;462380,77
16/07/2025;1665860,39;452585,73
13/08/2025;1502618,21;607199,21
16/09/2025;1445561,90;482416,68
06/10/2024;1514038,91;361808,66
16/01/2024;1046155,17;350768,27
26/08/2024;1592899,36;380497,29
24/02/2023;2016073,76;573540,19
19/02/2022;2777014,05;792835,84
15/01/2023;1102581,68;309176,83
22/06/2025;2569555,53;723992,69
22/02/2024;1896343,45;498530,49
08/04/2023;5150584,50;1400610,83
25/04/2022;2433333,91;689731,81
01/09/2025;1381334,43;392434,64
20/08/2025;1850667,97;578368,63
06/07/2024;3389397,25;792869,64
03/10/2022;1195091,19;352604,60
14/10/2023;2158988,89;683329,57
10/02/2025;1427696,53;442046,23
21/11/2025;4389220,88;1508401,17
04/10/2024;2164002,43;574005,78
29/10/2022;2391352,88;583620,42
09/07/2025;1523686,34;407236,93
28/10/2025;1387783,82;488571,08
30/08/2024;2065196,14;657324,85
08/07/2025;1558191,67;346713,99
10/12/2024;2762305,08;920181,74
28/01/2023;2211790,00;606164,89
17/11/2022;1634415,55;332288,98
14/02/2024;1595849,97;444252,29
08/02/2023;1611903,87;441563,74
12/11/2023;1284029,83;413666,20
23/03/2022;1671582,10;493086,24
27/05/2025;3285730,81;615105,85
06/06/2025;3622695,82;915349,60
31/03/2024;2087844,07;662264,93
29/08/2022;1164779,82;422011,11
03/01/2025;2064380,42;579334,51
07/03/2024;1985598,35;531510,94
23/01/2025;1788699,89;552359,03
18/08/2024;1494564,79;449925,26
09/01/2022;1016622,92;294537,65
20/10/2025;1377417,11;350042,19
24/10/2022;1062643,72;333361,09
06/11/2024;1541147,43;384725,63
27/08/2024;1697758,40;414789,31
07/09/2023;1665243,68;432516,04
13/08/2024;1486430,95;409335,48
06/01/2025;1237596,35;242319,99
31/03/2022;1856743,86;391776,78
26/12/2022;1474210,03;334468,74
03/03/2024;1815845,11;312454,73
30/03/2024;3725435,32;808033,42
15/04/2022;3659405,02;941242,23
18/02/2022;2216152,73;498137,63
01/07/2022;3412750,98;834040,31
21/12/2022;1714611,12;454719,20
10/05/2023;2803554,69;901317,73
15/01/2022;1846710,99;644608,71
09/12/2024;2322292,20;684431,71
01/10/2023;1325117,39;398189,16
10/08/2024;2828916,01;842005,47
08/06/2022;2966682,37;590976,03
04/07/2024;1796021,78;607712,06
14/08/2024;1892833,15;447801,27
24/11/2024;3166050,52;930235,76
15/10/2022;2233019,91;665446,40
25/03/2025;1834873,39;402708,80
16/05/2022;2174329,74;634356,78
25/11/2025;3083218,87;936282,20
09/04/2023;3084529,69;756163,48
25/02/2023;2736314,32;849266,12
08/01/2022;1835026,06;604611,94
20/09/2025;2559202,77;799629,06
07/12/2022;1670452,12;446849,79
24/04/2024;2931797,57;836060,89
02/04/2025;1716847,30;556700,00
03/07/2025;2588194,54;952025,77
01/04/2025;1837507,57;402969,30
23/07/2023;1290223,06;250362,20
03/05/2025;5237200,57;1382216,60
02/01/2024;1160370,52;192892,57
30/10/2023;1235634,04;366231,35
01/07/2025;2491735,88;688120,08
20/11/2024;4264808,82;729920,43
15/12/2025;2471396,37;716793,36
12/09/2023;1531387,07;382093,43
17/07/2024;1758239,33;358549,13
15/10/2023;1398895,84;308676,22
10/07/2024;1851027,97;484021,12
22/09/2022;1501253,92;447592,70
03/11/2022;1602895,50;387077,40
02/11/2023;1466153,29;437682,75
23/03/2023;1870167,31;516912,55
19/06/2022;2475686,89;664918,64
14/12/2023;2960765,71;525682,59
27/09/2025;2524423,39;815078,65
05/12/2024;1917343,34;505094,75
16/01/2022;1006867,90;339959,46
20/07/2025;1571819,14;382741,42
16/06/2022;2871112,46;741992,55
17/08/2023;1735183,88;491297,66
16/08/2024;2229896,91;579285,30
28/04/2024;2553187,39;743090,16
14/07/2024;1610617,57;360490,93
04/01/2024;1202582,77;475016,04
10/04/2022;2254860,61;508889,38
12/01/2022;1135485,13;355402,15
02/09/2022;1894335,23;552094,78
25/07/2025;2018112,41;568140,72
12/02/2025;1741353,58;470807,76
19/07/2024;2027621,83;490870,60
22/03/2023;1675706,30;393529,50
10/07/2023;1389610,86;390760,07
26/11/2022;5248511,22;1722484,42
07/11/2025;1910381,27;502732,88
17/06/2024;2895431,76;719276,43
19/04/2023;2724504,43;1038989,04
17/03/2022;1765288,03;521295,63
01/06/2025;2782784,32;756326,27
25/09/2024;1678864,02;488659,96
29/12/2025;1607108,80;417945,26
21/10/2022;1677754,10;526066,53
06/07/2023;1562999,70;595609,21
30/03/2023;1725051,31;491524,08
18/08/2022;1833993,64;476462,86
28/04/2023;3132763,44;930885,65
27/02/2022;1865722,85;539678,54
15/11/2022;1360560,34;288856,54
26/03/2023;1326859,99;452729,11
03/01/2022;978421,67;211293,29
03/05/2024;4098763,70;1007170,74
22/11/2025;6176940,07;2138135,71
26/10/2025;1400796,90;395487,98
27/08/2025;1533234,97;453998,51
26/04/2022;2541938,22;681007,24
23/08/2022;1268076,25;476916,08
06/01/2022;1268231,05;341774,61
10/11/2023;1966750,10;651710,13
15/11/2025;2929693,23;911442,76
03/08/2023;1443281,17;382829,63
01/11/2024;2234428,40;482850,36
03/11/2024;1433842,39;448817,93
25/08/2025;1321272,26;394442,10
07/08/2024;1526514,19;535666,33
30/08/2025;2472787,25;747018,98
14/09/2025;1500480,97;310500,77
26/01/2024;2204488,81;428566,41
23/11/2024;6552478,86;1580986,95
18/09/2024;1614531,18;437616,81
09/05/2024;3356616,12;1221099,81
30/12/2022;2190632,24;477138,84
24/11/2023;4587885,60;1098779,80
05/09/2022;1215586,05;313216,11
11/06/2022;4592461,42;1231275,34
15/07/2025;1575056,33;419884,56
18/11/2022;1842612,66;473669,70
18/05/2025;3259148,63;771708,43
30/10/2022;1317842,04;356858,22
26/05/2023;3289687,69;889273,17
24/06/2022;3116749,07;827665,08
26/09/2025;1794276,99;373370,07
27/02/2025;2140109,52;544214,60
20/02/2025;1848207,17;463291,08
24/04/2025;3258956,04;1074732,57
29/01/2024;1474505,86;237095,82
05/01/2025;1717322,33;455431,81
01/02/2023;1425263,35;423718,34
24/06/2025;2537940,03;829107,63
24/03/2022;1974363,42;590691,45
19/09/2022;1176426,35;294578,72
05/07/2022;1456423,55;443209,17
25/04/2025;3611488,58;1216769,80
01/07/2023;4440461,65;1279031,83
26/03/2022;3229333,55;643002,06
10/09/2025;1479880,08;541953,87
23/12/2022;1819662,16;553174,78
26/06/2022;2229140,20;701200,83
18/04/2023;2815934,79;725314,64
09/08/2025;2849338,28;630684,34
27/06/2025;3872681,45;867740,92
26/12/2023;1445146,60;441141,32
27/07/2025;1418960,90;486724,02
16/12/2023;4097846,88;1287030,60
12/04/2025;4748443,28;1586505,67
04/02/2022;1965485,49;627647,91
14/02/2025;2147049,09;654031,38
25/07/2024;1713194,06;597149,81
25/05/2025;2884694,23;686691,76
20/12/2024;3538248,49;817904,23
30/04/2024;2883041,96;1064173,33
01/10/2024;1445590,44;453867,52
15/09/2022;1537324,30;374103,22
16/02/2024;1914015,30;561989,58
01/05/2024;3151286,68;769236,97
27/03/2025;2037799,54;615407,84
20/05/2022;3114255,66;1237180,70
11/11/2024;1464441,13;383258,42
08/07/2024;1583242,14;395864,65
14/03/2024;1784983,84;551063,24
29/02/2024;1907139,61;606785,81
03/04/2025;2066426,60;496211,71
02/06/2024;2886710,66;604913,06
05/03/2023;1539292,42;490569,03
09/09/2025;1475479,54;399189,39
04/05/2023;3039129,44;806881,45
26/08/2023;2435672,90;698547,81
28/05/2023;2536768,14;538519,64
15/04/2025;3418800,35;942383,00
29/11/2024;5083946,72;1403333,81
09/05/2022;2135975,41;490155,62
14/04/2022;3023929,60;1118233,13
04/04/2024;3473390,80;963520,12
11/10/2024;1703775,03;567748,67
03/12/2025;1682853,57;471526,01
25/05/2023;2899837,39;866438,22
25/10/2022;1139178,01;399507,11
10/03/2025;1569343,97;489035,91
07/08/2025;1796987,93;462502,84
22/05/2022;2396366,28;531482,17
16/07/2022;2343538,31;867011,64
29/05/2022;2797112,27;648973,84
17/04/2022;2660295,89;750486,65
28/05/2025;3191334,24;906916,65
16/06/2024;3062368,87;705826,79
18/12/2025;2994109,14;1105575,26
10/01/2024;1245690,25;281629,43
22/02/2022;1790275,84;544335,80
30/01/2025;1813177,66;703753,62
25/05/2022;2976360,48;863344,10
06/04/2022;2395959,49;869790,23
16/11/2022;1549263,13;345259,18
13/06/2023;2255387,32;906216,20
20/09/2022;1365936,63;434117,81
17/01/2024;1264770,38;282332,73
21/01/2022;1288572,97;415745,13
29/10/2025;1767396,48;306114,97
06/06/2022;2269454,86;696997,54
13/10/2025;1327148,60;388745,67
07/09/2024;2793820,52;940805,19
08/12/2024;1726242,11;408427,69
24/02/2024;2850955,72;1164542,53
08/10/2022;2605302,03;550683,82
08/05/2022;2473448,15;653353,22
02/12/2023;5149652,65;1651475,48
04/08/2023;1649788,77;389150,45
09/03/2024;2943538,04;1000470,03
08/12/2025;2470639,58;594279,98
09/01/2023;979825,78;252550,44
28/03/2025;2002447,55;598248,54
29/03/2024;2530189,52;751612,31
17/11/2025;3196623,67;843356,83
22/09/2023;1804547,20;527179,04
28/06/2025;4801635,44;1207167,54
22/04/2023;5076920,03;1291830,11
24/07/2022;1351587,77;320294,59
21/06/2023;2956735,25;726109,30
24/10/2025;2151088,50;432043,62
25/09/2025;1992116,14;390798,66
31/10/2023;1341157,53;411359,44
22/06/2023;2981560,83;832720,66
15/08/2023;1410290,60;408495,99
10/12/2023;1475827,12;422760,03
17/07/2022;1307275,54;399521,84
20/07/2023;1542700,29;447191,02
13/09/2022;1375247,98;338925,70
05/06/2023;2583288,48;606731,26
02/03/2024;2906123,83;965421,90
26/05/2024;2940284,69;1166800,90
30/10/2025;1715104,16;569870,09
14/01/2022;1427139,54;344841,10
27/04/2025;2600926,04;938783,37
19/08/2025;1511482,35;579022,30
31/01/2022;1466399,96;339172,93
04/12/2025;1704246,90;495932,58
11/01/2023;1135328,88;270265,88
21/04/2023;3636420,56;977004,63
01/07/2024;1326254,99;443240,74
05/09/2023;1509446,94;364096,03
23/03/2025;1691951,11;456865,96
16/05/2024;3656437,04;1153794,66
06/12/2023;1584357,82;510017,14
07/04/2022;2562480,48;744083,88
05/10/2024;2708903,70;715320,03
16/09/2022;1557127,07;572279,92
02/07/2023;2392604,65;588124,55
28/09/2023;1666032,88;476470,70
08/04/2022;2900905,17;870646,89
15/02/2023;1577531,87;499179,40
15/05/2022;2537229,26;609049,65
13/09/2023;1662077,02;464458,61
23/07/2024;1451112,37;415621,94
08/06/2024;4764659,82;1191904,50
04/02/2023;2483608,82;604715,22
11/10/2023;1552164,53;331557,13
21/10/2023;2471553,76;677450,55
03/02/2024;3218322,85;577879,72
28/05/2024;2703403,50;790584,24
14/09/2022;1482725,95;407948,44
09/04/2022;3964889,51;1284392,16
02/10/2025;1502477,62;463329,17
29/05/2023;2123571,45;731457,06
24/08/2022;1523965,08;445852,85
05/05/2024;3103922,00;716890,55
27/02/2023;1267674,15;359920,55
12/04/2024;3979190,70;1099497,89
09/05/2023;2635902,73;687656,55
17/09/2022;2443028,21;723681,74
06/04/2023;3158868,67;957480,19
12/10/2025;1404368,63;407157,94
12/07/2022;1342282,29;454173,25
28/01/2025;1680480,74;439077,59
26/12/2024;1323535,26;341775,91
17/10/2025;1994574,84;699225,75
22/12/2023;2461176,79;601080,83
18/04/2025;4256580,56;1262527,19
15/09/2025;1128152,66;330522,87
24/03/2025;1595803,40;464756,72
26/02/2024;1600244,08;393142,06
30/03/2022;1773329,88;368489,21
09/05/2025;3566294,63;873626,11
26/11/2025;3523354,01;954066,73
20/03/2024;1713057,05;504270,94
23/06/2025;2281868,05;683095,91
19/12/2023;1825621,84;534960,83
17/04/2024;3152906,30;867684,00
10/08/2023;1454003,22;463674,24
03/09/2022;2992597,35;583714,70
12/07/2024;2324106,96;445273,27
27/04/2022;2651799,76;756290,30
19/05/2025;2250947,20;695174,62
25/12/2024;1254671,35;400961,48
04/07/2023;1434153,10;364168,45
10/10/2022;1087486,15;237844,80
18/10/2023;1545311,07;371037,39
17/05/2024;3763395,11;1288172,83
21/05/2023;2574786,75;764678,74
21/01/2023;2177058,39;510999,85
04/05/2025;2927813,58;977152,20
07/05/2023;2850380,90;617924,94
05/01/2022;1155279,75;302154,38
13/03/2022;1651024,34;454407,76
06/04/2024;4905931,26;1558294,08
22/03/2024;2433241,69;508626,69
29/04/2022;2870606,88;1142330,05
24/08/2023;1673309,84;455465,18
22/07/2023;2378799,77;684028,72
03/01/2024;1167704,51;241805,79
04/07/2025;3400624,66;911535,68
20/12/2025;4436815,25;1310695,55
09/08/2023;1447564,05;467021,46
04/06/2022;4726850,43;1548227,44
03/04/2022;1494398,90;389487,48
07/06/2022;2848315,93;717689,01
18/11/2025;3283866,47;827096,14
08/03/2024;2148062,73;621760,54
13/07/2025;1578703,77;522912,04
04/02/2025;1629978,13;438084,11
25/05/2024;5624824,00;1386003,92
18/09/2022;1211073,75;413271,06
01/03/2023;1434860,77;497146,43
17/05/2022;2281781,89;720861,08
14/07/2023;2010173,80;451343,95
30/01/2023;1191821,59;341472,31
02/01/2025;1974356,72;492241,31
03/06/2023;4642341,71;1275514,30
22/09/2024;1171572,85;538563,82
06/11/2022;1170402,30;332518,29
27/01/2024;2618571,26;772397,64
12/03/2025;1834990,43;459955,52
03/02/2022;1748208,90;593427,35
21/07/2025;1249461,88;385328,88
24/02/2022;2044688,27;739968,06
09/08/2022;1446167,08;418849,16
29/01/2023;1345068,61;355828,25
17/05/2025;5165788,64;1426510,10
05/09/2024;1906877,08;589740,31
07/12/2024;3131530,89;602101,92
11/03/2024;1496612,09;367951,01
18/02/2025;1542096,92;484400,37
23/01/2024;1582862,07;455269,33
29/12/2024;1021305,91;365583,57
07/10/2022;1782240,57;451648,72
06/09/2022;1259876,43;296622,97
28/10/2022;1528140,16;459236,21
19/05/2023;3829202,11;884896,67
20/11/2023;2664059,09;1047010,00
20/11/2025;3896621,96;1272315,27
25/06/2022;4130770,71;1176902,86
02/04/2022;2938442,05;836878,34
31/08/2025;1428037,41;457953,16
14/08/2022;1421907,57;320746,72
14/03/2025;2096645,53;489618,53
15/05/2025;3193956,76;782396,76
16/12/2025;2881145,74;556813,18
13/10/2024;1493453,21;393664,45
30/03/2025;1832179,58;400954,32
24/09/2024;1444081,38;360833,01
03/09/2025;1499161,71;456462,59
23/08/2023;1474237,02;401819,33
30/09/2023;2869639,11;629712,25
22/01/2023;1177436,72;380489,22
11/10/2022;1141110,92;257999,83
30/06/2023;2887759,99;877054,51
14/06/2022;2550561,28;619886,85
05/03/2024;1916264,10;356563,88
30/12/2025;1603005,97;467039,10
19/11/2022;2581153,40;700619,80
02/12/2024;1403110,91;430256,75
31/08/2023;1583798,55;535720,17
15/11/2024;2332332,68;535823,91
30/04/2022;4854488,01;1510814,53
31/01/2024;1721421,75;377559,03
20/05/2023;5246936,24;1000900,55
14/04/2023;3641863,07;968110,28
27/07/2022;1389497,85;515996,07
21/07/2023;1725643,75;558096,63
14/05/2025;3283080,89;713170,25
23/06/2024;2847400,33;880892,48
17/11/2024;1739039,32;506614,73
04/11/2023;2390605,55;717548,14
28/04/2022;3012062,02;782293,39
17/08/2022;1438647,77;442998,17
12/02/2024;1475445,59;422349,87
10/06/2023;5070874,75;1257862,82
31/07/2022;1186183,69;378524,92
15/06/2022;2543851,43;691352,89
17/09/2025;1574821,19;412964,59
23/08/2024;2175519,64;617600,06
23/05/2022;2490399,17;868705,29
05/01/2023;1408462,67;282662,77
29/07/2024;1356149,75;435388,69
10/10/2023;1255176,75;309538,76
27/04/2023;2896648,43;783419,69
13/03/2025;2026770,56;517694,02
04/10/2023;1454428,99;398309,02
30/07/2025;1466497,26;342426,73
08/01/2025;1371224,29;335527,66
12/09/2022;1269787,14;317451,56
11/05/2024;5218746,32;1541545,11
15/02/2022;1565903,63;486113,12
25/12/2025;1378518,41;382379,07
22/08/2024;1843261,09;418414,63
30/01/2022;1436111,11;520685,17
08/09/2022;1376077,98;427633,16
14/05/2023;2484028,05;583179,69
23/12/2023;3010299,01;743843,01
16/02/2025;1641220,40;473367,47
22/01/2025;1563610,50;507998,78
21/08/2022;1555276,45;431981,90
19/01/2023;1475895,38;284136,17
22/10/2022;2636867,94;699022,94
30/04/2023;2934464,38;856970,53
04/12/2023;1413243,55;368077,70
19/04/2022;2777938,29;726727,87
17/06/2023;4358265,89;1614359,79
28/12/2023;1740653,22;618413,24
23/11/2022;3179309,93;921308,54
10/02/2024;2945601,87;717875,33
20/03/2022;1550509,46;445505,18
07/01/2025;1281579,69;310218,05
06/09/2024;2104131,95;522491,93
18/07/2024;1945527,21;608884,82
25/12/2022;1509977,61;370362,45
23/02/2022;1878423,00;465062,94
13/02/2022;1555696,97;493368,08
08/05/2023;2418606,53;613076,70
30/11/2023;3713343,70;973786,63
31/01/2025;2069997,54;737561,03
11/08/2025;1334376,75;426845,78
12/08/2022;1852156,05;415774,59
30/12/2023;2817084,70;751620,55
17/10/2023;1382275,67;362165,28
18/05/2022;2262556,31;687787,46
08/01/2024;1039962,98;272468,46
13/11/2022;1217028,08;416638,48
12/05/2025;2684509,72;840190,45
11/02/2022;2136985,49;519934,50
20/06/2025;3850949,11;1048155,57
20/12/2023;1814831,29;553298,61
18/01/2024;1386685,73;432319,05
10/04/2024;2784504,65;1101434,70
05/02/2025;1753687,96;394232,00
05/02/2024;1461945,04;412417,20
31/07/2024;1686511,32;472598,86
11/03/2025;1586180,21;422051,82
16/07/2024;1448215,65;410241,43
25/07/2022;1309140,59;294953,31
25/08/2022;1554409,87;428627,04
08/11/2024;2037754,99;552392,18
19/06/2024;3547816,20;896176,44
01/12/2024;3112298,57;1244219,40
04/11/2024;1309083,56;463707,88
13/12/2024;3186394,76;1082791,04
29/08/2023;1604983,89;369835,34
07/12/2025;1634854,50;520524,66
21/09/2024;2569979,97;805881,46
03/02/2023;1815511,24;565698,81
19/09/2023;1444074,26;413130,86
09/03/2022;1590974,34;424069,55
31/12/2024;1669897,35;443392,26
25/10/2024;1909632,73;522088,14
08/03/2022;1540659,67;480619,68
13/07/2022;1483192,84;401174,26
08/02/2022;1599303,65;361695,39
29/06/2022;2779706,54;568660,47
09/11/2023;1717435,50;380401,64
04/01/2023;1210982,93;329635,48
04/10/2025;2517989,18;650771,61
22/07/2024;1131388,71;451863,16
05/08/2022;1843952,84;560864,80
09/04/2024;2623424,59;946409,32
01/10/2022;2360955,61;693241,02
17/12/2024;2636645,32;703351,90
09/03/2023;1723512,25;479661,68
24/08/2025;1706982,49;394332,73
03/04/2023;2403080,95;770457,39
12/05/2022;2934844,33;776203,09
23/11/2023;3227700,58;1063607,48
12/12/2023;2078290,00;575211,11
22/06/2024;5515329,06;1559978,60
06/10/2023;1739372,71;353471,31
28/03/2022;1565220,96;331667,30
08/11/2025;2815968,24;607307,43
17/08/2025;1782120,74;545549,26
01/09/2023;2035035,99;500045,74
05/08/2025;1540480,97;413494,60
27/06/2024;3167917,55;981584,27
07/04/2025;2525365,96;650779,26
14/04/2025;2870156,27;851816,66
24/04/2024;2931797,57;836060,89
24/01/2024;1601003,42;491625,65
26/04/2023;2835617,18;665738,69
31/10/2022;1203923,27;322104,56
25/09/2022;1186320,79;488334,56
12/03/2022;3123743,30;918529,93
18/09/2023;1322448,66;254462,85
05/09/2025;2029052,69;475265,30
01/03/2022;1635005,52;480289,54
14/01/2025;1044289,22;290320,87
04/08/2024;1722248,64;348864,99
26/03/2024;2219888,33;462879,62
23/05/2025;3283764,24;1370285,59
29/07/2025;1380565,44;398083,66
03/10/2025;1938287,01;453865,36
08/10/2024;1550690,18;422010,61
03/12/2024;1655793,30;496189,62
04/05/2022;2593166,85;651056,14
20/03/2023;1310543,62;321870,36
02/02/2023;1675689,74;514415,36
13/12/2022;2110569,63;552040,31
02/02/2022;1656637,66;363513,86
19/06/2023;2191873,41;743647,54
14/10/2025;1536031,98;416136,81
24/09/2025;1516774,41;348258,30
06/05/2023;4887166,12;1338262,75
09/01/2024;981914,81;340852,21
04/01/2022;1052551,31;272312,06
23/07/2022;2606240,74;982064,04
15/03/2023;1538837,85;561785,13
18/03/2022;2128355,35;608656,55
19/09/2025;1899886,43;451487,95
07/01/2023;2086330,25;546989,99
05/03/2022;2700374,69;1022170,71
06/08/2023;1111232,42;384036,76
14/05/2022;4523290,81;1290520,11
08/01/2023;1066327,26;278468,38
17/04/2025;3521988,74;992703,36
28/08/2025;1694771,62;555153,55
21/09/2022;1487111,37;373272,93
24/09/2023;1448481,00;352152,23
21/03/2022;1461944,53;397907,53
12/12/2022;1959067,80;508900,30
09/07/2023;1490186,84;378389,95
13/06/2022;2372447,17;659495,19
09/09/2022;1606985,07;495814,28
08/11/2023;1621008,02;525860,29
04/06/2025;2637910,85;812450,44
18/01/2025;2112431,53;677762,26
24/05/2024;4047136,01;1398448,23
02/06/2023;3307603,20;789543,78
27/03/2023;1425587,78;338069,11
18/07/2025;1722789,67;507410,36
03/06/2024;2154217,10;699411,67
27/10/2022;1494102,96;384787,87
28/09/2025;1534341,68;370573,40
01/08/2024;1777688,23;522558,15
15/09/2023;2018142,49;480200,60
23/01/2022;1205531,86;259189,59
03/03/2022;1634132,93;501339,67
21/06/2022;2442507,32;627860,66
02/04/2024;2583761,13;890379,21
20/04/2025;3081483,18;973727,52
19/03/2025;1775899,45;599047,53
26/07/2024;1929832,72;584831,84
18/09/2025;1745014,53;460363,28
16/03/2024;3232620,77;809156,08
02/02/2025;1664584,48;373574,04
05/10/2023;1479302,63;357289,46
26/10/2022;1392609,72;361180,16
01/01/2023;1547226,31;406534,69
02/07/2024;1557312,16;458731,67
29/07/2023;2585593,79;646001,95
08/09/2023;1835771,63;635713,82
28/04/2025;2893639,35;921250,64
03/06/2025;2396329,42;849584,88
20/05/2025;2530750,26;632779,51
11/08/2024;1625652,62;458563,59
27/12/2025;2256312,73;589223,97
06/08/2025;1805143,08;430847,75
03/09/2024;1639227,67;482543,22
07/09/2022;1356624,47;360012,87
20/06/2022;2556375,63;586881,69
06/11/2023;1257424,41;376164,10
24/11/2025;3173664,48;744848,38
30/11/2024;6401125,84;1540157,41
25/01/2025;2735250,43;917220,27
29/09/2022;1409851,54;355520,00
14/04/2024;3043850,00;852577,29
19/01/2022;1137520,95;343162,93
13/01/2025;1173678,97;237569,57
30/09/2025;1238693,26;454158,08
23/09/2022;1628050,49;572654,85
28/10/2023;2590965,47;718519,62
12/03/2023;1703260,12;415083,87
22/05/2024;3404291,12;1015919,65
16/02/2023;1640686,83;637014,97
23/02/2024;2228423,26;460411,60
08/12/2022;1836758,74;461658,14
18/08/2023;2220786,13;548214,01
11/11/2025;1593548,42;469963,09
21/04/2025;2802929,29;801454,10
07/02/2024;1806374,01;452954,43
15/01/2024;970668,25;317481,92
15/03/2025;2841745,22;877147,66
17/12/2025;2545062,30;979070,34
26/05/2025;3189027,88;879197,19
01/11/2022;1406623,66;352823,91
26/07/2022;1179864,56;429236,07
29/05/2025;3484398,48;1082512,96
24/09/2022;2568111,47;587364,77
08/09/2024;1662271,08;438536,34
28/11/2025;4621587,17;1382735,77
15/08/2022;1379114,63;456348,89
03/08/2025;1285802,13;376265,14
08/06/2023;2896421,02;920805,62
07/09/2025;1552340,88;403580,13
20/04/2023;3165683,67;564314,38
05/10/2025;1474559,72;355772,60
21/02/2024;1820285,24;460590,45
09/02/2023;1737371,90;573649,95
18/02/2023;2908406,01;819145,82
08/11/2022;1241314,55;365376,11
10/10/2024;1791057,37;501645,03
12/12/2025;3170237,11;1038501,37
08/04/2025;2620180,61;622815,64
07/05/2022;4126727,11;1228250,53
24/10/2023;1273678,63;359419,90
02/08/2025;2725742,21;822244,00
28/07/2025;1393179,64;285735,45
01/10/2025;1606895,09;468420,92
15/03/2022;1590484,35;454447,06
08/08/2024;1742254,37;334954,52
29/04/2024;2699507,73;821714,47
10/05/2025;4554912,31;1296062,31
26/01/2023;1578673,63;553341,24
13/10/2023;1778237,04;413813,47
14/10/2024;1472250,77;326446,60
16/09/2023;2598180,05;811816,46
26/04/2025;4986058,03;1608103,38
07/10/2023;2423587,99;812296,61
01/06/2022;2522712,15;648497,86
20/01/2022;1263617,15;465791,98
03/07/2023;1409227,74;505790,82
19/12/2025;3571400,45;1024441,45
07/12/2023;1786520,87;567823,81
23/01/2023;1275723,96;352327,41
31/07/2023;1277620,27;274687,75
12/09/2024;1813716,80;708134,43
30/08/2022;1575367,52;355599,87
01/12/2022;3489375,62;1278176,80
22/11/2022;3113384,56;709684,08
05/02/2022;2796571,57;643311,97
22/05/2023;2220209,74;735382,50
08/07/2022;1820078,73;597823,12
28/10/2024;1259059,63;306162,85
15/05/2024;3349532,31;811795,50
30/08/2023;1598276,22;369285,86
12/01/2023;1326964,69;232001,11
13/10/2022;1197576,53;432870,26
23/10/2024;1586445,58;378425,34
13/11/2024;1700636,93;421497,23
22/02/2025;2995313,68;854028,54
20/06/2024;2960117,84;1187067,89
27/12/2024;1491524,44;465281,17
18/03/2025;1846581,21;529856,97
11/02/2025;1673212,28;398192,57
13/02/2025;2045184,93;502226,22
28/03/2024;2409676,84;675718,32
28/06/2022;2387881,80;814025,85
25/06/2025;3086307,43;974274,21
19/05/2024;3146924,27;1102623,25
07/07/2022;1759560,67;436952,48
16/05/2025;3502133,24;892085,09
02/03/2022;1723259,74;464790,97
09/06/2024;2390980,65;735957,95
16/07/2023;1588318,32;471289,04
12/07/2023;1583168,92;514732,40
06/05/2022;3575968,27;775825,77
25/06/2024;2588185,62;824051,57
18/06/2023;2427117,72;791760,94
21/04/2022;3245771,24;820906,21
27/11/2024;4385479,38;1017627,75
16/04/2024;2809921,81;931230,34
09/06/2025;2482932,83;812733,23
02/05/2025;3761753,14;1169372,34
06/08/2024;1454913,92;447471,88
03/10/2023;1125451,58;346231,84
28/11/2024;4340957,77;1241648,59
16/11/2024;3412931,69;669932,51
16/12/2024;2524623,33;522017,46
09/12/2022;1945108,75;519106,79
21/03/2025;2505677,23;740125,45
01/10/2023;1325117,39;398189,16
18/07/2022;1213284,39;366419,62
11/05/2025;2789687,29;721878,23
21/10/2025;1482531,93;374399,39
23/10/2023;1160007,85;406267,79
26/04/2024;3390666,37;1128964,33
20/08/2022;2478358,61;701966,90
04/03/2024;1599927,77;562789,27
28/03/2023;1433708,76;399720,84
24/01/2022;1545162,52;459794,56
05/05/2022;2901160,45;830652,93
20/04/2022;3228007,32;745440,55
13/03/2023;1366046,36;442973,62
27/10/2024;1456838,15;330598,87
29/11/2025;5599407,42;1891895,72
12/01/2025;1111410,03;424737,27
13/04/2025;2624945,98;822886,90
09/09/2023;2671244,75;791431,97
06/09/2025;2431410,63;749477,28
13/07/2024;2803252,57;868809,20
19/07/2025;2555593,81;769911,51
28/02/2025;2276222,75;609272,62
18/06/2025;2924796,25;802369,04
10/12/2025;2747186,12;925330,42
23/02/2025;1630771,29;546916,86
28/08/2023;1250048,27;369798,24
11/12/2023;2048227,80;559145,15
27/05/2022;3871956,66;1097547,80
07/07/2024;1592447,58;584513,00
16/04/2022;4702028,30;1209086,32
07/11/2024;1585028,03;506464,42
23/09/2024;1166857,76;436093,94
10/01/2025;1741553,44;368396,19
01/04/2022;2007545,98;649995,55
30/12/2025;1603005,97;467039,10
29/06/2025;2785620,77;770365,34
23/06/2023;3074701,89;887341,89
17/03/2023;1725427,72;593544,80
02/09/2023;2556193,50;684305,42
06/12/2022;1512592,85;301381,76
10/10/2025;1687678,76;600998,19
27/01/2022;1934588,75;616063,77
16/06/2025;2486859,75;698798,10
27/07/2023;1501700,49;455941,11
14/06/2025;5745556,65;1566883,26
25/02/2022;2056558,15;884319,90
07/01/2022;1517050,58;344495,74
22/05/2025;3216617,65;803229,25
15/07/2022;1748372,02;500716,14
06/10/2022;1678603,55;461805,45
05/02/2023;1264470,95;342002,58
21/08/2024;1569971,00;393650,46
26/01/2022;1767641,79;569774,86
09/04/2025;2860655,89;782278,62
11/12/2025;3064065,71;661363,54
21/12/2025;3028186,80;743571,80
26/09/2022;1194144,02;364050,84
30/12/2024;1379705,52;477363,51
28/09/2022;1221372,17;369686,85
14/12/2022;2260005,77;741150,37
09/11/2025;1536100,75;369158,21
07/06/2025;4507366,88;1498407,37
04/05/2024;4819436,97;1679906,36
12/05/2023;3527582,20;594062,17
21/05/2024;2843996,17;887130,28
28/12/2024;2179301,32;522005,06
04/01/2026;1741024,72;470815,61
18/01/2022;1033911,55;281945,87
20/01/2023;1335599,75;338767,62
03/07/2022;2502126,67;601916,81
12/10/2024;2367721,36;819888,58
25/11/2022;3476886,30;1174311,00
17/02/2025;1528862,40;474300,01
04/08/2025;1468341,72;370576,15
21/11/2022;2953555,43;699868,58
17/01/2022;1009363,98;246981,00
03/07/2024;1515377,51;401960,50
13/09/2025;2389294,08;809258,16
02/10/2024;1616053,40;470895,68
28/01/2024;1599034,66;459395,12
23/04/2025;3275528,25;820085,69
08/05/2025;3085039,59;817309,69
18/07/2023;1298028,46;352321,96
14/03/2022;1696408,58;304933,69
09/12/2025;2683937,57;832922,42
30/11/2022;3317923,27;997564,54
07/07/2023;2032813,89;610111,20
03/05/2022;2419597,60;584048,85
01/01/2026;1977791,99;581684,42
05/11/2024;1430467,83;455462,02
18/12/2024;2684471,80;810910,83
07/02/2022;1640245,27;363119,95
24/05/2025;4979107,63;1627132,93
17/12/2022;3657653,20;1099232,90
23/12/2025;1268053,40;290656,75
13/06/2024;3485888,09;1185630,70
01/11/2023;1334737,44;405099,92
11/03/2023;2929547,73;768789,55
07/03/2023;1669574,16;321351,90
09/06/2022;2992033,85;957995,70
04/11/2022;1546962,23;501646,70
26/06/2023;2105292,34;625053,63
09/11/2022;1488131,39;353614,71
19/10/2024;2718775,61;853115,91
24/12/2025;1264625,17;318252,51
11/07/2023;1667408,13;406605,78
01/02/2024;1699996,06;583130,14
24/04/2023;2571015,07;442261,53
14/07/2025;1492283,12;325440,42
23/04/2024;2583421,88;588915,75
01/06/2023;3169507,99;666247,21
15/11/2023;1460232,92;581301,19
09/10/2025;1771015,41;353355,15
30/06/2022;2954572,15;657687,31
09/06/2025;2482932,83;812733,23
12/11/2024;1710002,02;368221,43
11/01/2022;1101024,06;349629,19
10/01/2022;892976,54;354050,87
30/07/2022;2327791,07;752754,99
05/05/2025;2305157,66;782673,34
27/09/2022;1252042,05;359236,22
14/02/2022;1365405,98;411279,82
07/04/2023;3398880,74;1351193,47
24/03/2023;1967024,66;521987,34
05/06/2022;2436880,79;591995,79
16/02/2022;1809230,77;448364,08
25/02/2025;1725540,22;409728,52
08/08/2022;1324474,84;300664,36
08/08/2025;1896245,17;561066,19
16/09/2024;1374290,61;343350,84
31/03/2023;2058778,47;458399,64
20/07/2022;1581340,36;293246,18
30/05/2024;2934309,63;1230697,30
06/02/2022;1461083,15;401305,91
03/08/2024;2968715,04;652307,09
10/01/2023;1042228,64;352367,52
22/03/2022;1686275,47;416478,22
01/06/2024;5194095,70;1580431,00
07/11/2022;1176291,68;373264,66
12/02/2023;1381408,82;466925,66
30/04/2025;3276078,27;1058321,70
15/08/2024;1784713,15;596870,73
27/11/2025;4062087,52;1258523,45
07/07/2025;1444763,10;430327,97
31/12/2025;1782926,08;457105,98
08/10/2023;1227975,95;517735,37
16/08/2025;2939167,55;868179,00
14/02/2023;1574872,13;388578,04
03/10/2024;1658277,54;527257,01
10/05/2024;3787823,42;1242522,31
09/12/2023;2788118,97;954693,94
13/04/2024;6017076,61;1540390,40
16/03/2025;1670493,71;416949,16
04/03/2023;2555583,49;656733,09
11/08/2023;1855824,91;367536,34
02/09/2024;1645818,24;345387,09
22/08/2022;1109889,75;420387,00
07/10/2024;1277778,53;353805,45
06/03/2022;1582850,89;495984,47
03/04/2024;2568270,91;761310,09
17/09/2023;1495176,53;363492,09
10/09/2024;1664568,97;307083,48
31/05/2023;2869569,19;758281,89
12/06/2025;3392893,84;861735,65
16/06/2023;3182955,74;1010756,05
12/11/2022;2472461,07;756021,73
30/11/2025;3365953,52;1048771,93
17/11/2023;1936855,56;561403,27
16/04/2025;3736433,02;946041,81
21/04/2024;2936997,20;909113,70
25/09/2023;1330956,83;273866,06
23/09/2025;1464972,08;440278,04
02/08/2022;1315343,83;426829,38
06/10/2025;1321004,37;320066,74
19/02/2024;1348754,47;414332,66
20/02/2022;1420161,79;544176,56
27/10/2023;1724626,09;404651,70
07/02/2023;1450931,51;468795,38
05/08/2024;1523521,85;388766,48
17/01/2023;1120803,34;316893,70
31/05/2024;3901229,36;1058845,15
10/09/2023;1451656,82;487076,81
19/01/2025;1272167,52;328344,56
24/06/2024;2309006,08;747854,60
16/11/2025;1340170,15;432560,62
31/08/2024;2930680,09;1028925,84
16/03/2023;1676074,73;507167,20
15/06/2025;2600776,32;662293,87
25/10/2025;2716768,46;810230,88
27/01/2023;2073658,98;482594,74
19/10/2025;1612034,91;405771,80
08/10/2025;1515964,95;469278,19
17/01/2025;1596195,06;503056,18
11/01/2024;1254650,63;483185,55
21/12/2023;1953598,65;593995,82
21/02/2022;1520285,98;597987,88
27/07/2024;2873323,48;594147,14
01/12/2025;1389629,47;336672,67
27/03/2022;1405364,15;510767,65
10/06/2024;2594413,81;758853,83
14/06/2023;2877363,31;600058,73
05/01/2024;1471915,26;300834,69
07/03/2022;1658745,93;409465,89
20/06/2023;2376187,89;764566,40
16/04/2023;2723405,73;822750,87
11/07/2024;1769716,27;587327,83
07/05/2025;2922553,00;851966,27
29/04/2023;4677317,62;1400438,10
30/06/2025;2159701,98;639291,74
18/02/2024;1819580,43;273858,28
22/09/2025;1345968,68;396263,17
29/01/2025;1818485,57;461347,40
26/05/2022;3037923,00;876425,69
11/07/2025;2138498,19;603333,22
14/06/2024;4164568,85;1087388,45
03/08/2022;1505163,91;430025,86
06/06/2024;3075449,15;816440,14
11/08/2022;1429889,21;482244,94
19/08/2024;1510863,15;397322,24
10/04/2025;3325529,41;834671,48
04/12/2024;1934239,25;451162,89
03/02/2025;1409156,86;398805,85
06/02/2023;1319771,40;418873,59
21/09/2025;1419063,09;415853,74
21/03/2023;1446404,22;407550,19
28/11/2022;2641936,00;826446,14
02/11/2024;2593680,37;944771,75
23/04/2022;4957711,80;1421735,88
09/02/2022;1855287,56;512827,68
22/04/2024;2359992,57;699578,74
22/12/2024;2441077,27;595571,13
26/07/2025;2708792,62;595685,95
21/02/2023;1548797,12;437264,29
23/05/2023;2297940,30;724101,14
20/02/2023;1174240,17;459899,03
24/01/2023;1294232,72;452347,60
06/12/2025;2702321,21;759192,94
17/07/2025;1639738,17;425063,17
21/03/2024;1928821,06;574286,14
25/12/2023;1310756,87;446998,71
01/09/2022;1574145,82;398677,27
18/11/2024;2929968,83;1035619,30
28/07/2022;1499861,89;369682,16
21/05/2022;4326826,15;1459061,22
18/05/2024;5860426,64;1467314,16
12/03/2024;1625058,77;374376,88
17/03/2024;1529661,04;553771,32
21/11/2023;3045205,20;824547,40
07/05/2025;2922553,00;851966,27
27/11/2022;3382450,64;762082,75
01/04/2024;2569309,10;561891,96
21/08/2023;1210054,49;416281,42
26/06/2024;2971884,13;843840,76
02/03/2025;1663521,29;390752,18
29/07/2022;1532438,03;571100,96
12/05/2024;3193702,41;772876,15
19/11/2025;3820836,39;928693,26
11/07/2022;1289227,97;241121,63
30/09/2024;1388562,54;318805,74
02/12/2022;3956242,53;1148851,59
19/08/2023;2860098,61;813696,34
12/04/2022;2839734,85;874060,27
29/10/2023;1345442,55;336577,58
10/03/2022;1908297,25;659071,81
15/10/2025;1476762,94;463255,18
28/02/2024;1948308,35;520021,22
29/08/2024;2047807,29;542899,77
20/03/2025;1877228,35;620606,26
24/03/2024;1599581,08;438291,72
29/03/2023;1626566,54;396979,99
30/05/2025;4302771,18;1413758,50
08/02/2025;3025003,97;884462,03
26/11/2023;3117880,15;806081,20
22/11/2023;3453260,32;1182339,02
18/10/2024;2063899,25;473197,03
02/06/2022;2705821,20;771268,73
11/04/2023;2446736,13;856618,94
17/10/2022;1189853,85;265707,51
07/05/2024;3363838,93;545981,05
31/07/2025;1674877,19;498527,05
13/02/2023;1257458,02;396750,17
29/12/2022;1621986,32;460034,36
01/12/2023;3594171,70;1141012,40
27/02/2024;1748533,48;408364,64
09/02/2025;1716085,53;574375,95
27/10/2025;1199728,96;398939,52
13/05/2022;3491705,23;768691,29
16/08/2023;1497900,05;477962,80
31/03/2025;1463904,94;452840,75
23/04/2023;2447271,61;924742,32
21/12/2024;4591705,46;1635974,21
18/06/2024;3002646,12;686320,52
02/03/2023;1847360,71;408155,70
07/08/2023;1067431,21;425270,93
13/04/2022;2799278,44;645302,73
02/08/2023;1339038,27;356673,07
27/06/2023;2411420,73;678349,75
13/01/2024;1978483,25;529970,35
15/08/2025;2098849,78;640385,20
02/01/2026;2090032,59;553979,26
29/09/2025;1212712,95;342362,95
11/06/2025;2748251,95;889422,33
17/04/2023;2421329,65;601817,12
21/01/2025;1744286,61;462459,54
05/06/2024;2686202,02;940288,62
14/09/2024;2432239,93;872662,83
26/02/2025;1811479,41;436773,75
20/11/2022;1234719,77;350983,33
29/12/2023;2060086,60;636416,95
10/11/2022;1671980,32;408689,15
19/06/2025;2868850,79;979532,49
13/07/2023;1811532,37;478708,39
13/05/2023;4355647,51;1467340,26
01/01/2025;1985762,94;457903,23
20/10/2023;1608036,49;343043,45
20/04/2024;5069146,77;1395924,71
22/03/2025;3144680,66;929714,58
01/01/2024;964578,14;275550,31
22/06/2022;2350877,73;813155,75
28/05/2022;4958234,52;1320673,79
15/12/2024;2690436,29;796809,46
11/11/2023;2729338,66;743066,32
29/08/2025;2295051,14;483846,66
20/10/2024;1385369,66;351249,46
11/09/2022;1232884,90;278046,00
29/03/2022;1689110,44;415381,06
25/04/2023;2659867,66;752513,88
11/11/2022;1629613,54;569516,84
10/04/2023;2605763,08;893837,58
06/03/2023;1292046,45;420405,31
05/06/2025;3591246,53;602918,98
05/11/2022;2415446,13;598928,76
10/02/2023;1995343,78;482802,79
09/01/2025;1288221,11;417143,57
13/08/2023;1202545,90;374201,49
24/01/2025;2113157,26;646028,74
25/11/2024;3243930,43;841672,40
06/05/2025;2842961,99;725647,12
19/02/2025;1877176,37;548624,69
18/12/2022;2196844,70;602018,30
10/11/2024;1393244,90;389370,57
25/11/2023;5851522,13;1253282,58
22/07/2025;1499186,87;420714,51
15/02/2025;3218722,58;1075150,25
28/06/2024;3142332,88;1124227,69
02/12/2025;1505102,77;423745,25
26/06/2025;3112428,51;906366,23
04/03/2025;1862858,67;364622,94
18/08/2025;1378381,49;369055,11
27/08/2023;1282148,59;348589,05
08/03/2023;1581852,22;547164,42
23/11/2025;3481606,62;1173018,39
14/11/2023;1396427,06;454099,99
28/12/2022;1479456,58;503326,61
21/08/2025;1889084,26;568430,72
12/04/2023;2920968,86;857348,07
16/12/2022;2737976,07;897942,53
04/04/2025;2306443,15;711000,73
18/04/2022;2485402,83;687852,55
01/03/2024;2308829,41;499795,56
24/12/2023;1742755,59;416847,83
20/01/2025;1481830,30;457435,29
27/03/2024;2443212,86;762416,23
19/07/2023;1411394,25;288113,77
28/12/2025;1235018,76;251996,61
22/04/2022;3567259,17;973477,86
09/07/2024;1574712,02;393004,66
31/10/2024;1471154,47;501801,34
20/08/2024;1506239,79;476786,39
24/04/2022;2548602,35;862550,63
16/08/2022;1400480,33;388738,49
17/03/2025;1503402,26;451352,07
05/09/2024;1906877,08;589740,31
15/06/2023;2976334,92;751237,52
03/11/2025;1172972,10;403374,54
27/06/2022;2325009,87;731249,48
07/01/2024;1059679,88;273267,60
03/03/2025;1527951,76;523375,68
11/05/2022;2678708,55;596954,08
12/10/2023;1478500,67;436482,46
08/05/2024;3079966,69;820705,93
21/11/2024;3968225,41;1253666,69
28/06/2023;2731986,48;742923,17
19/03/2022;3052730,30;1029302,38
17/07/2023;1221381,17;331140,26
30/07/2023;1475654,87;326243,25
06/08/2022;2415523,53;533015,80
07/03/2025;2557901,64;501365,61
29/01/2022;3080019,04;966376,56
13/11/2025;1716982,11;715845,52
01/08/2023;1242274,11;396349,81
15/07/2024;1540105,53;288979,06
15/12/2022;2294288,02;573528,62
25/08/2023;1757370,32;661580,14
19/10/2022;1309488,80;334833,73
26/10/2024;2793763,49;896941,77
05/05/2023;3199071,94;946635,01
19/10/2023;1587514,95;401346,67
04/02/2024;1490462,90;408173,13
11/04/2024;3598173,03;985093,96
20/09/2024;1815300,67;542104,19
29/05/2024;3180415,41;917573,10
03/01/2026;2870817,44;841232,12
01/02/2022;1532482,30;358447,40
05/12/2023;1556637,87;321144,62
24/07/2024;1560462,38;494448,58
05/07/2025;4309696,01;1457292,18
04/09/2025;1638408,03;618973,89
05/10/2022;1326267,18;413335,57
09/10/2023;1177835,79;214989,26
28/08/2022;1525091,09;433127,09
24/05/2023;2661560,94;869996,44
19/01/2024;1628565,83;419387,48
14/01/2023;2123662,81;427785,25
14/11/2024;1902661,55;524397,12
30/10/2024;1486934,78;506743,80
10/02/2022;1904551,99;591430,98
17/09/2024;1301295,56;387610,02
23/08/2025;2869498,80;801358,89
19/09/2024;1800135,13;489290,75
06/02/2024;1388322,89;407266,79
26/07/2023;1442856,83;381138,44
09/09/2024;1281984,21;331155,09
05/07/2024;2085142,10;682078,70
10/08/2025;1591949,97;444790,07
17/05/2023;3239314,67;899240,85
25/08/2024;1540298,90;399721,49
12/10/2022;1177804,59;358720,58
25/02/2024;1637742,89;454174,00
28/04/2024;2553187,39;743090,16
13/12/2023;2381269,17;788961,88
