uge;antal_butikker
03.01.2022;54
10.01.2022;54
17.01.2022;54
24.01.2022;54
31.01.2022;54
07.02.2022;54
14.02.2022;54
21.02.2022;54
28.02.2022;54
07.03.2022;54
14.03.2022;54
21.03.2022;54
28.03.2022;54
04.04.2022;54
11.04.2022;54
18.04.2022;54
25.04.2022;54
02.05.2022;54
09.05.2022;54
16.05.2022;54
23.05.2022;54
30.05.2022;54
06.06.2022;54
13.06.2022;54
20.06.2022;54
27.06.2022;54
04.07.2022;54
11.07.2022;54
18.07.2022;54
25.07.2022;54
01.08.2022;54
08.08.2022;54
15.08.2022;54
22.08.2022;54
29.08.2022;54
05.09.2022;54
12.09.2022;54
19.09.2022;54
26.09.2022;54
03.10.2022;54
10.10.2022;54
17.10.2022;54
24.10.2022;54
31.10.2022;54
07.11.2022;54
14.11.2022;54
21.11.2022;54
28.11.2022;54
05.12.2022;54
12.12.2022;54
19.12.2022;54
26.12.2022;54
02.01.2023;54
09.01.2023;54
16.01.2023;54
23.01.2023;54
30.01.2023;54
06.02.2023;54
13.02.2023;54
20.02.2023;54
27.02.2023;54
06.03.2023;54
13.03.2023;54
20.03.2023;54
27.03.2023;54
03.04.2023;54
10.04.2023;54
17.04.2023;54
24.04.2023;54
01.05.2023;54
08.05.2023;54
15.05.2023;54
22.05.2023;54
29.05.2023;54
05.06.2023;54
12.06.2023;54
19.06.2023;54
26.06.2023;54
03.07.2023;54
10.07.2023;54
17.07.2023;54
24.07.2023;54
31.07.2023;54
07.08.2023;54
14.08.2023;54
21.08.2023;54
28.08.2023;54
04.09.2023;54
11.09.2023;54
18.09.2023;54
25.09.2023;54
02.10.2023;54
09.10.2023;54
16.10.2023;54
23.10.2023;54
30.10.2023;54
06.11.2023;54
13.11.2023;54
20.11.2023;54
27.11.2023;54
04.12.2023;54
11.12.2023;54
18.12.2023;54
25.12.2023;54
01.01.2024;54
08.01.2024;62
15.01.2024;62
22.01.2024;62
29.01.2024;62
05.02.2024;62
12.02.2024;62
19.02.2024;62
26.02.2024;62
04.03.2024;62
11.03.2024;62
18.03.2024;62
25.03.2024;62
01.04.2024;62
08.04.2024;62
15.04.2024;62
22.04.2024;62
29.04.2024;62
06.05.2024;62
13.05.2024;62
20.05.2024;62
27.05.2024;62
03.06.2024;62
10.06.2024;62
17.06.2024;62
24.06.2024;62
01.07.2024;62
08.07.2024;62
15.07.2024;62
22.07.2024;62
29.07.2024;62
05.08.2024;62
12.08.2024;62
19.08.2024;62
26.08.2024;62
02.09.2024;62
09.09.2024;62
16.09.2024;62
23.09.2024;62
30.09.2024;62
07.10.2024;62
14.10.2024;62
21.10.2024;62
28.10.2024;62
04.11.2024;62
11.11.2024;62
18.11.2024;62
25.11.2024;62
02.12.2024;62
09.12.2024;62
16.12.2024;62
23.12.2024;62
30.12.2024;62
06.01.2025;62
13.01.2025;62
20.01.2025;62
27.01.2025;62
03.02.2025;62
10.02.2025;62
17.02.2025;62
24.02.2025;62
03.03.2025;62
10.03.2025;62
17.03.2025;62
24.03.2025;62
31.03.2025;62
07.04.2025;62
14.04.2025;62
21.04.2025;62
28.04.2025;62
05.05.2025;62
12.05.2025;62
19.05.2025;62
26.05.2025;62
02.06.2025;62
09.06.2025;62
16.06.2025;62
23.06.2025;62
30.06.2025;62
07.07.2025;62
14.07.2025;62
21.07.2025;62
28.07.2025;62
04.08.2025;62
11.08.2025;62
18.08.2025;62
25.08.2025;62
01.09.2025;62
08.09.2025;62
15.09.2025;62
22.09.2025;62
29.09.2025;62
06.10.2025;62
13.10.2025;62
20.10.2025;62
27.10.2025;62
03.11.2025;62
10.11.2025;62
17.11.2025;62
24.11.2025;62
01.12.2025;62
08.12.2025;62
15.12.2025;62
22.12.2025;62
29.12.2025;62
